Date,Open,High,Low,Close,Adj Close,Volume,bnh_returns,ma_short,ma_long,position,strategy_returns
2023-05-08,33.38999938964844,33.7400016784668,33.130001068115234,33.65999984741211,33.28212356567383,11267400,,,,0,
2023-05-09,33.31999969482422,33.56999969482422,33.060001373291016,33.279998779296875,32.90638732910156,11841900,-0.011353604956222913,33.65999984741211,33.65999984741211,0,-0.0
2023-05-10,33.869998931884766,33.970001220703125,32.599998474121094,33.08000183105469,32.70863342285156,15418400,-0.006027653765418539,33.43199920654297,33.46366596221924,0,-0.0
2023-05-11,32.849998474121094,33.279998779296875,32.849998474121094,33.119998931884766,32.7481803894043,12319500,0.001208371759395136,33.26526360762747,33.32716050866532,0,0.0
2023-05-12,33.25,33.279998779296875,32.130001068115234,32.400001525878906,32.0362663269043,13026000,-0.021978827373891775,33.204922896165115,33.27007994508902,0,-0.0
2023-05-15,32.38999938964844,32.470001220703125,32.119998931884766,32.369998931884766,32.0066032409668,18841100,-0.0009264349522305095,32.89592464501259,33.07211603924437,0,-0.0
2023-05-16,32.060001373291016,32.2400016784668,31.5,31.540000915527344,31.185922622680664,11069600,-0.025975424378688258,32.70374427164408,32.93475788725712,0,-0.0
2023-05-17,31.809999465942383,32.59000015258789,31.639999389648438,32.439998626708984,32.07581329345703,11269500,0.028135576351557588,32.29171469096943,32.69352558250714,0,0.0
2023-05-18,32.279998779296875,32.959999084472656,32.25,32.900001525878906,32.53065490722656,14241000,0.014080517236673742,32.34314957875094,32.65396627085226,0,0.0
2023-05-19,33.119998931884766,33.16999816894531,32.4900016784668,32.65999984741211,32.29334259033203,12598700,-0.007321621280315488,32.53372417710818,32.689137724062284,0,-0.0
2023-05-22,32.709999084472656,32.93000030517578,32.38999938964844,32.86000061035156,32.4911003112793,8866400,0.006105048313116195,32.57655888660568,32.685275333536204,0,0.0
2023-05-23,33.0,33.84000015258789,32.939998626708984,33.41999816894531,33.04481506347656,17717900,0.016898337194633625,32.67214452870227,32.70696069630419,0,0.0
2023-05-24,33.0,33.040000915527344,32.0099983215332,32.279998779296875,31.91761016845703,13357500,-0.03470666279239201,32.92336532117804,32.79047933013689,1,-0.03470666279239201
2023-05-25,32.15999984741211,32.63999938964844,32.130001068115234,32.40999984741211,32.0461540222168,10492700,0.004019206859740998,32.707802194056846,32.7336750817057,0,0.0
2023-05-26,32.619998931884766,33.4900016784668,32.349998474121094,33.290000915527344,32.9162712097168,13656800,0.026790066643099218,32.60819353697643,32.69926671864644,0,0.0
2023-05-30,33.70000076293945,34.279998779296875,33.31999969482422,33.36000061035156,32.98548889160156,12671700,0.0021005166979504424,32.83598285612039,32.75954583162938,1,0.0021005166979504424
2023-05-31,32.95000076293945,33.04999923706055,31.860000610351562,32.40999984741211,32.0461540222168,17934200,-0.028890583341049724,33.010921774668404,32.81860081159981,1,-0.028890583341049724
2023-06-01,32.4900016784668,33.29999923706055,32.13999938964844,33.02000045776367,32.74021911621094,12466700,0.018646439909800014,32.81041095527674,32.77972990455869,1,0.018646439909800014
2023-06-02,33.65999984741211,34.47999954223633,33.470001220703125,34.279998779296875,33.98954391479492,15308500,0.03744860576459603,32.880321426957906,32.801908249490964,1,0.03744860576459603
2023-06-05,34.45000076293945,34.45000076293945,33.65999984741211,34.130001068115234,33.8408203125,10067800,-0.004385263905692426,33.347091100931976,32.93465546109218,1,-0.004385263905692426
2023-06-06,34.0,35.380001068115234,33.97999954223633,35.2400016784668,34.94141387939453,15596900,0.03200505448345895,33.608139594756764,33.039360969479006,1,0.03200505448345895
2023-06-07,35.38999938964844,36.459999084472656,35.22999954223633,36.220001220703125,35.913108825683594,23167200,0.027429637460158463,34.152202699572356,33.22777634819434,1,0.027429637460158463
2023-06-08,36.20000076293945,36.439998626708984,35.68000030517578,35.849998474121094,35.546241760253906,16196100,-0.010267961674969465,34.841561010972,33.478671450401876,1,-0.010267961674969465
2023-06-09,37.4900016784668,38.16999816894531,36.22999954223633,36.22999954223633,35.92302322387695,24307400,0.010543967789293398,35.17773678689298,33.67373376375131,1,0.010543967789293398
2023-06-12,36.27000045776367,37.02000045776367,36.2599983215332,36.66999816894531,36.35929489135742,14901900,0.012071439877866285,35.52851187583408,33.88034311721025,1,0.012071439877866285
2023-06-13,36.959999084472656,37.84000015258789,36.959999084472656,37.650001525878906,37.33099365234375,16449900,0.02637406262397634,35.9090223758967,34.102197953051814,1,0.02637406262397634
2023-06-14,37.84000015258789,37.970001220703125,37.040000915527344,37.36000061035156,37.043453216552734,14879200,-0.00773236507621899,36.48936408106845,34.38017374131441,1,-0.00773236507621899
2023-06-15,37.189998626708984,38.2599983215332,37.18000030517578,38.029998779296875,37.70777130126953,15692500,0.017774660144067107,36.77958136559485,34.6104615725544,1,0.017774660144067107
2023-06-16,38.119998931884766,38.25,37.650001525878906,37.959999084472656,37.63836669921875,14518700,-0.0018423402182277864,37.19639206100383,34.87140004234087,1,-0.0018423402182277864
2023-06-20,37.70000076293945,37.84000015258789,36.91999816894531,37.31999969482422,37.00379180908203,14380100,-0.017003581821643046,37.45092972665062,35.10433843319557,1,-0.017003581821643046
2023-06-21,37.310001373291016,37.310001373291016,36.880001068115234,37.0099983215332,36.6964111328125,9085800,-0.008341266755517964,37.407286155103115,35.26963870402107,1,-0.008341266755517964
2023-06-22,36.779998779296875,36.959999084472656,36.36000061035156,36.65999984741211,36.34938049316406,8616300,-0.009501862797039087,37.27485641682403,35.39818200388661,1,-0.009501862797039087
2023-06-23,35.93000030517578,36.439998626708984,35.79999923706055,36.18000030517578,35.873443603515625,10153500,-0.013179749847234778,37.06990375197667,35.490517327930974,1,-0.013179749847234778
2023-06-26,36.029998779296875,36.9900016784668,36.029998779296875,36.70000076293945,36.389041900634766,11904900,0.01427028744698598,36.77326881134544,35.54053803583176,1,0.01427028744698598
2023-06-27,37.0099983215332,37.52000045776367,36.45000076293945,37.47999954223633,37.16243362426758,9125200,0.02103066930761079,36.74884610338458,35.62398465644142,1,0.02103066930761079
2023-06-28,37.5,38.209999084472656,37.40999984741211,38.189998626708984,37.866416931152344,12882100,0.01876622012130801,36.99256408371129,35.7565738758498,1,0.01876622012130801
2023-06-29,38.33000183105469,38.619998931884766,38.0,38.20000076293945,37.8763313293457,10460300,0.00026187030678207493,37.39170911412214,35.92921691996244,1,0.00026187030678207493
2023-06-30,38.310001373291016,38.86000061035156,38.0,38.560001373291016,38.23328399658203,11612500,0.009379969771971504,37.66113974596551,36.08929181002851,1,0.009379969771971504
2023-07-03,38.7400016784668,39.13999938964844,38.630001068115234,38.959999084472656,38.6298942565918,5578300,0.010319949918434412,37.96076034937561,36.26242527371189,1,0.010319949918434412
2023-07-05,39.099998474121094,39.540000915527344,38.90999984741211,39.41999816894531,39.085994720458984,12110000,0.011737799999510277,38.29383997292574,36.450411236085586,1,0.011737799999510277
2023-07-06,38.91999816894531,39.470001220703125,38.599998474121094,39.459999084472656,39.12565612792969,13108100,0.0010142221183840282,38.66922607221466,36.656288415906694,1,0.0010142221183840282
2023-07-07,39.540000915527344,39.97999954223633,39.31999969482422,39.61000061035156,39.27438735961914,10604100,0.00379414964978571,38.93281709219305,36.8497346870896,1,0.00379414964978571
2023-07-10,39.58000183105469,39.75,39.189998626708984,39.63999938964844,39.30413055419922,10507300,0.0007570670215694979,39.15854494065225,37.03933394390439,1,0.0007570670215694979
2023-07-11,39.56999969482422,40.099998474121094,39.15999984741211,39.970001220703125,39.63133239746094,11399600,0.008290509199293297,39.31902976128472,37.2172281533127,1,0.008290509199293297
2023-07-12,40.84000015258789,40.970001220703125,40.380001068115234,40.40999984741211,40.06760787963867,14534200,0.010948072050673718,39.53602025163389,37.40479790877911,1,0.010948072050673718
2023-07-13,40.720001220703125,41.040000915527344,40.40999984741211,40.5,40.15684509277344,12446400,0.002224698798104552,39.82734678702952,37.608828712360115,1,0.002224698798104552
2023-07-14,40.61000061035156,40.70000076293945,39.939998626708984,40.0,39.66107940673828,11044500,-0.012422519998557209,40.051564526466564,37.80445716225538,1,-0.012422519998557209
2023-07-17,39.47999954223633,39.540000915527344,38.5099983215332,38.75,38.42167282104492,16143000,-0.0317486983145803,40.03437635088673,37.95255036159563,1,-0.0317486983145803
2023-07-18,38.7400016784668,39.189998626708984,38.54999923706055,39.130001068115234,38.79845428466797,13306900,0.009758707719546152,39.60625089908041,38.0061822897685,1,0.009758707719546152
2023-07-19,39.29999923706055,39.58000183105469,39.15999984741211,39.22999954223633,38.89760208129883,12775300,0.0025522850338444364,39.44750095505189,38.08155755906432,1,0.0025522850338444364
2023-07-20,38.970001220703125,39.33000183105469,38.720001220703125,39.2599983215332,38.92734909057617,10626400,0.0007643975429747104,39.37500048399966,38.158388056974815,1,0.0007643975429747104
2023-07-21,39.63999938964844,39.66999816894531,38.34000015258789,38.54999923706055,38.223365783691406,13619500,-0.01825006587728959,39.3366664298041,38.231910273807244,1,-0.01825006587728959
2023-07-24,38.869998931884766,39.47999954223633,38.7599983215332,39.29999923706055,38.967010498046875,18209200,0.019268419243566065,39.074444032040134,38.25309262593779,1,0.019268419243566065
2023-07-25,37.72999954223633,38.779998779296875,37.11000061035156,37.91999816894531,37.59870529174805,30599100,-0.035745870362485006,39.14962910041521,38.32266433722432,1,-0.035745870362485006
2023-07-26,37.959999084472656,38.45000076293945,37.63999938964844,38.290000915527344,37.965572357177734,15673500,0.00971016030004116,38.7397521231316,38.29595710679088,1,0.00971016030004116
2023-07-27,38.72999954223633,39.45000076293945,38.529998779296875,38.970001220703125,38.639808654785156,17589300,0.017603361275239083,38.58983505389922,38.29556277022815,1,0.017603361275239083
2023-07-28,38.75,38.97999954223633,37.7400016784668,38.04999923706055,37.72760009765625,17473700,-0.02389108641806959,38.71655710951797,38.340139415437164,1,-0.02389108641806959
2023-07-31,38.150001525878906,38.369998931884766,37.79999923706055,38.369998931884766,38.044891357421875,12138200,0.008374812164888395,38.49437115201177,38.32099297643197,1,0.008374812164888395
2023-08-01,38.040000915527344,38.36000061035156,37.900001525878906,38.119998931884766,37.79701232910156,10232100,-0.0065368256554229455,38.45291374530023,38.32422213405485,1,-0.0065368256554229455
2023-08-02,37.630001068115234,37.83000183105469,37.2599983215332,37.38999938964844,37.07319641113281,15516400,-0.019335778101091935,38.34194214082388,38.31078372562439,1,-0.019335778101091935
2023-08-03,37.189998626708984,37.189998626708984,36.630001068115234,36.91999816894531,36.607177734375,14754800,-0.012649912625644197,38.02462789042344,38.250271608335986,0,-0.0
2023-08-04,36.849998474121094,37.09000015258789,36.369998931884766,36.56999969482422,36.2601432800293,12405300,-0.009525136223139238,37.656417983257384,38.162953626793865,0,-0.0
2023-08-07,36.83000183105469,37.099998474121094,36.36000061035156,37.09000015258789,36.77573776245117,9910700,0.014119171799175862,37.294278553775285,38.05851081677925,0,0.0
2023-08-08,36.279998779296875,36.880001068115234,36.099998474121094,36.84000015258789,36.527854919433594,10281700,-0.006763180086475415,37.22618575337894,37.99507650320994,0,-0.0
2023-08-09,36.5,36.810001373291016,36.209999084472656,36.2599983215332,35.9527702331543,8254500,-0.01586905649207285,37.097457219781234,37.91949685704551,0,-0.0
2023-08-10,36.29999923706055,36.36000061035156,34.0,34.15999984741211,33.870567321777344,25601500,-0.059659794583430716,36.81830425369756,37.81101098089211,0,-0.0
2023-08-11,34.029998779296875,34.16999816894531,33.41999816894531,33.88999938964844,33.60285186767578,20514200,-0.007935396844334206,35.93220278493363,37.57253884253421,0,-0.0
2023-08-14,33.45000076293945,34.209999084472656,33.41999816894531,34.06999969482422,33.78132629394531,15853800,0.005297255106382009,35.251468319837485,37.33219979483601,0,0.0
2023-08-15,33.599998474121094,33.779998779296875,33.220001220703125,33.29999923706055,33.01784896850586,13365800,-0.022859848640255257,34.85764544483265,37.119453189891125,0,-0.0
2023-08-16,33.150001525878906,33.279998779296875,32.709999084472656,32.81999969482422,32.54191589355469,15254600,-0.014519297711828244,34.338430042241576,36.87053902347445,0,-0.0
2023-08-17,33.06999969482422,33.33000183105469,32.7599983215332,32.91999816894531,32.64106750488281,11476100,0.003042243824047397,33.83228659310222,36.606737518278884,0,0.0
2023-08-18,32.58000183105469,33.20000076293945,32.56999969482422,33.119998931884766,32.83937454223633,11778200,0.006056977079680068,33.52819045171648,36.366776102434834,0,0.0
2023-08-21,33.25,33.40999984741211,32.97999954223633,33.27000045776367,32.98810577392578,10766100,0.004518806522235412,33.39212661177255,36.15557153678515,0,0.0
2023-08-22,33.470001220703125,33.47999954223633,32.849998474121094,32.93000030517578,32.65098571777344,8634600,-0.010271998133755714,33.351417893769586,35.96796387483978,0,-0.0
2023-08-23,32.84000015258789,33.56999969482422,32.7599983215332,33.560001373291016,33.27565002441406,10262700,0.018950816863793938,33.210945364238306,35.770546935930696,0,0.0
2023-08-24,33.400001525878906,33.58000183105469,32.7599983215332,32.880001068115234,32.601409912109375,7875600,-0.02047031984624067,33.32729736725588,35.626965439767744,0,-0.0
2023-08-25,33.06999969482422,33.29999923706055,32.04999923706055,32.95000076293945,32.67081832885742,14298000,0.002126681429740588,33.17819860087565,35.44861985801105,0,0.0
2023-08-28,33.2599983215332,33.45000076293945,32.93000030517578,33.119998931884766,32.83937454223633,7393500,0.005146013164226502,33.10213265489692,35.286464232659895,0,0.0
2023-08-29,33.220001220703125,33.5099983215332,33.08000183105469,33.459999084472656,33.17649459838867,7511900,0.010213370929629893,33.10808808055954,35.14591844064078,0,0.0
2023-08-30,33.459999084472656,33.70000076293945,33.349998474121094,33.38999938964844,33.107086181640625,7856500,-0.0020942325207410554,33.22539174853058,35.036586310628586,0,-0.0
2023-08-31,33.5099983215332,34.029998779296875,33.290000915527344,33.5099983215332,33.31586837768555,10168400,0.0035874159845917845,33.28026096223653,34.92984055085602,0,0.0
2023-09-01,33.59000015258789,33.84000015258789,33.2599983215332,33.540000915527344,33.345699310302734,8803600,0.0008949320309608449,33.356840082002094,34.83782305283742,0,0.0
2023-09-05,33.36000061035156,33.47999954223633,33.029998779296875,33.279998779296875,33.08720397949219,9169600,-0.007782204418418158,33.417893693177184,34.75373802758693,0,-0.0
2023-09-06,33.04999923706055,33.40999984741211,32.529998779296875,32.81999969482422,32.62986755371094,11731900,-0.013918502909750904,33.37192872188375,34.65828152948023,0,-0.0
2023-09-07,32.40999984741211,32.619998931884766,32.02000045776367,32.56999969482422,32.381317138671875,12291800,-0.007646466445175715,33.18795237953057,34.53924342740086,0,-0.0
2023-09-08,32.599998474121094,33.130001068115234,32.540000915527344,32.95000076293945,32.759117126464844,12121900,0.011599674184676625,32.98196815129512,34.41175534051844,0,0.0
2023-09-11,33.08000183105469,33.27000045776367,32.5,32.619998931884766,32.431026458740234,11777000,-0.010065719654291058,32.971312355176565,34.31714305243761,0,-0.0
2023-09-12,32.7599983215332,33.77000045776367,32.7599983215332,33.470001220703125,33.27610397338867,15578400,0.02572398724611011,32.85420788074597,34.20731809627294,0,0.0
2023-09-13,33.939998626708984,34.29999923706055,33.43000030517578,33.65999984741211,33.46500015258789,14287400,0.005660632534653714,33.05947232739835,34.159614448065625,0,0.0
2023-09-14,33.599998474121094,33.79999923706055,33.029998779296875,33.65999984741211,33.46500015258789,11797300,0.0,33.259648167402936,34.12729580350631,0,0.0
2023-09-15,33.540000915527344,34.599998474121094,33.41999816894531,33.95000076293945,33.753326416015625,19627500,0.00857869224769961,33.39309872740599,34.097072928693756,0,0.0
2023-09-18,33.75,33.95000076293945,33.310001373291016,33.34000015258789,33.14685821533203,10471500,-0.018130994577779003,33.578732739250476,34.08756239752602,0,-0.0
2023-09-19,33.45000076293945,34.310001373291016,33.349998474121094,33.959999084472656,33.76326370239258,9546700,0.018425452584785597,33.49915521036295,34.0392279596247,0,0.0
2023-09-20,34.08000183105469,34.130001068115234,33.15999984741211,33.20000076293945,33.00767135620117,10807900,-0.02263343558160831,33.65276983506619,34.03410604858663,0,-0.0
2023-09-21,32.90999984741211,33.439998626708984,32.689998626708984,32.709999084472656,32.520503997802734,11338000,-0.014869085341473165,33.501846811023945,33.980190680977806,0,-0.0
2023-09-22,33.0,33.58000183105469,32.5,32.58000183105469,32.391258239746094,14272000,-0.003982154185374607,33.23789756884018,33.89809737166567,0,-0.0
2023-09-25,32.380001068115234,33.189998626708984,32.27000045776367,33.060001373291016,32.86848068237305,7283400,0.01462547455653155,33.01859898957835,33.81291775418427,0,0.0
2023-09-26,32.61000061035156,33.0099983215332,32.209999084472656,32.2599983215332,32.0731086730957,8250800,-0.024496113264517935,33.03239978414924,33.764267062269205,0,-0.0
2023-09-27,32.40999984741211,32.54999923706055,31.969999313354492,32.349998474121094,32.16259002685547,8339100,0.0027859531113781145,32.7749326299439,33.66707647814438,0,0.0
2023-09-28,32.290000915527344,33.400001525878906,32.06999969482422,33.15999984741211,32.967899322509766,12673800,0.024730351886438656,32.633287911336296,33.5819882351556,0,0.0
2023-09-29,33.310001373291016,33.41999816894531,32.7599983215332,32.970001220703125,32.77899932861328,13585000,-0.00574623155722784,32.8088585566949,33.554728571922524,0,-0.0
2023-10-02,32.84000015258789,33.060001373291016,32.15999984741211,32.470001220703125,32.281898498535156,10966100,-0.015281470398748602,32.86257277803097,33.516959372340395,0,-0.0
2023-10-03,32.04999923706055,32.189998626708984,31.309999465942383,31.3799991607666,31.198209762573242,13060900,-0.034145903148879574,32.73171559225502,33.449338560326325,0,-0.0
2023-10-04,31.350000381469727,31.5,30.6299991607666,31.040000915527344,30.860179901123047,13412200,-0.010893995750573827,32.281143448425546,33.31569389622787,0,-0.0
2023-10-05,30.780000686645508,31.139999389648438,29.719999313354492,30.309999465942383,30.134410858154297,25255400,-0.023799051360236738,31.86742927079281,33.16873211141818,0,-0.0
2023-10-06,30.100000381469727,31.360000610351562,29.8700008392334,30.899999618530273,30.720993041992188,22412900,0.019278498108538194,31.348286002509337,32.98412984786949,0,0.0
2023-10-09,30.489999771118164,31.270000457763672,30.329999923706055,30.989999771118164,30.810470581054688,9112000,0.002908392855588168,31.198857207849652,32.84955533160448,0,0.0
2023-10-10,30.889999389648438,31.65999984741211,30.709999084472656,31.479999542236328,31.297630310058594,11985700,0.015687844593800262,31.129238062272492,32.72948843815318,0,0.0
2023-10-11,31.729999542236328,31.979999542236328,30.780000686645508,30.979999542236328,30.800527572631836,10673700,-0.01601058879517025,31.24615855559377,32.648816183062,0,-0.0
2023-10-12,30.690000534057617,30.700000762939453,30.030000686645508,30.31999969482422,30.144351959228516,11355500,-0.021534269503612917,31.15743888447462,32.54107554575291,0,-0.0
2023-10-13,30.0,30.229999542236328,29.540000915527344,29.65999984741211,29.488174438476562,16710500,-0.022008219143788615,30.878292487924483,32.397686894857465,0,-0.0
2023-10-16,29.90999984741211,30.18000030517578,29.649999618530273,30.059999465942383,29.8858585357666,14711500,0.013396034993222667,30.472194941087025,32.22095419157102,0,0.0
2023-10-17,29.799999237060547,30.610000610351562,29.780000686645508,30.329999923706055,30.154294967651367,19812300,0.008941952626587892,30.334796449372146,32.08145820993652,0,0.0
2023-10-18,29.84000015258789,29.989999771118164,29.459999084472656,29.479999542236328,29.30921745300293,14318900,-0.02842526739183264,30.333197607483452,31.968400589359934,0,-0.0
2023-10-19,29.100000381469727,29.959999084472656,29.059999465942383,29.329999923706055,29.16008758544922,18053800,-0.00510117140506159,30.04879825240108,31.80777842882653,0,-0.0
2023-10-20,29.8799991607666,30.25,29.450000762939453,29.65999984741211,29.488174438476562,21633500,0.011188451177083855,29.809198809502742,31.64784708754201,0,0.0
2023-10-23,29.329999923706055,29.899999618530273,29.209999084472656,29.219999313354492,29.050724029541016,17917700,-0.014945948741826514,29.7594658221392,31.519542844415597,0,-0.0
2023-10-24,28.389999389648438,29.780000686645508,28.010000228881836,28.559999465942383,28.394548416137695,26058100,-0.022846264051504243,29.579643652544302,31.371124560630918,0,-0.0
2023-10-25,28.549999237060547,29.139999389648438,27.709999084472656,29.010000228881836,28.841941833496094,24400400,0.01563348725118196,29.23976225701033,31.189692308975825,0,0.0
2023-10-26,29.809999465942383,30.219999313354492,28.43000030517578,28.549999237060547,28.384605407714844,22788200,-0.015983696643973283,29.16317491430083,31.049016716850296,0,-0.0
2023-10-27,28.489999771118164,28.6299991607666,27.1200008392334,27.219999313354492,27.06231117248535,25825600,-0.04770493738154787,28.9587830218874,30.88773583913991,0,-0.0
2023-10-30,27.549999237060547,27.719999313354492,26.790000915527344,27.360000610351562,27.201501846313477,23227300,0.005130143064972799,28.37918845237643,30.651033614237818,0,0.0
2023-10-31,27.5,28.309999465942383,27.34000015258789,28.200000762939453,28.03663444519043,17507200,0.030239889936137458,28.03945917170147,30.438646737758614,0,0.0
2023-11-01,28.729999542236328,28.799999237060547,27.729999542236328,28.0,27.837791442871094,17364000,-0.007117494823454155,28.09297303544746,30.29417840684997,0,-0.0
2023-11-02,28.440000534057617,28.860000610351562,28.15999984741211,28.799999237060547,28.633155822753906,15531400,0.028170850475742706,28.06198202363164,30.146128973226922,0,0.0
2023-11-03,29.3799991607666,30.059999465942383,29.329999923706055,29.770000457763672,29.597537994384766,17415600,0.033125829753415235,28.30798776144128,30.059261077472794,0,0.0
2023-11-06,29.770000457763672,29.81999969482422,28.989999771118164,29.110000610351562,28.941360473632812,12412100,-0.022419411679754826,28.79532532688208,30.040594917645276,0,-0.0
2023-11-07,28.809999465942383,28.950000762939453,28.059999465942383,28.40999984741211,28.24541664123535,18254100,-0.02434058822943229,28.900217088038573,29.98054398220473,0,-0.0
2023-11-08,28.34000015258789,28.360000610351562,27.520000457763672,27.559999465942383,27.400341033935547,18282600,-0.030375763727714705,28.736811341163087,29.879198672588284,0,-0.0
2023-11-09,27.709999084472656,27.709999084472656,26.6299991607666,26.649999618530273,26.49561309814453,16045900,-0.03357629046966752,28.344540716089522,29.72954545297309,0,-0.0
2023-11-10,26.709999084472656,27.0,26.299999237060547,26.850000381469727,26.694454193115234,16946700,0.0074766988645197565,27.779693683569775,29.53083096126733,0,0.0
2023-11-13,26.729999542236328,27.110000610351562,26.639999389648438,26.899999618530273,26.744163513183594,16394300,0.0018604372644504678,27.469795916203093,29.35784636768341,0,0.0
2023-11-14,27.450000762939453,28.420000076293945,27.40999984741211,28.200000762939453,28.03663444519043,24219700,0.047195732571895396,27.27986381697882,29.199251782062987,0,0.0
2023-11-15,28.06999969482422,28.229999542236328,27.729999542236328,28.139999389648438,27.976980209350586,19628900,-0.002129975002236244,27.58657613229903,29.134774912203817,0,-0.0
2023-11-16,27.93000030517578,28.190000534057617,27.420000076293945,27.479999542236328,27.320802688598633,16692000,-0.023733579300340035,27.7710505514155,29.070587406761167,0,-0.0
2023-11-17,27.860000610351562,28.030000686645508,27.530000686645508,28.030000686645508,27.867618560791016,19919800,0.01981693897742205,27.674033548355776,28.96795621133739,0,0.0
2023-11-20,28.18000030517578,28.770000457763672,28.139999389648438,28.520000457763672,28.354778289794922,19348500,0.017330221923210827,27.792689261119023,28.907435988014782,0,0.0
2023-11-21,28.25,28.56999969482422,27.700000762939453,27.899999618530273,27.738370895385742,19693500,-0.021978936442144843,28.03512632666724,28.88243745651169,0,-0.0
2023-11-22,28.059999465942383,28.350000381469727,27.84000015258789,28.100000381469727,27.937213897705078,11338100,0.007142914760565355,27.990084090621583,28.81904798715749,0,0.0
2023-11-24,28.170000076293945,28.5,28.1200008392334,28.18000030517578,28.016748428344727,6941400,0.002842927384915675,28.02672285423763,28.772653448729756,0,0.0
2023-11-27,28.020000457763672,28.520000457763672,27.940000534057617,28.5,28.33489418029785,19878800,0.011291569974554007,28.07781533788368,28.73441439236051,0,0.0
2023-11-28,28.440000534057617,29.0,28.329999923706055,28.889999389648438,28.72263526916504,18156700,0.013591406076797336,28.21854355858912,28.719289636345938,0,0.0
2023-11-29,31.8700008392334,32.290000915527344,31.420000076293945,31.600000381469727,31.41693687438965,85193700,0.08966163931329107,28.442362168942225,28.73030401822303,0,0.0
2023-11-30,31.75,32.27000045776367,31.579999923706055,31.600000381469727,31.506669998168945,45236500,0.0,29.494908239784724,28.915459076635475,1,0.0
2023-12-01,31.520000457763672,32.59000015258789,31.520000457763672,32.36000061035156,32.264427185058594,31642900,0.02376597838689438,30.19660562034639,29.08866697933856,1,0.02376597838689438
2023-12-04,32.66999816894531,33.439998626708984,32.599998474121094,33.06999969482422,32.972328186035156,29590100,0.021703406713937782,30.917737283681447,29.299734087519404,1,0.021703406713937782
2023-12-05,32.959999084472656,33.43000030517578,32.65999984741211,32.68000030517578,32.58348083496094,25717600,-0.011863238435419086,31.635158087395705,29.5429913969328,1,-0.011863238435419086
2023-12-06,33.04999923706055,33.66999816894531,32.869998931884766,32.90999984741211,32.812801361083984,21736200,0.007013278988621814,31.983438826655732,29.74539025108272,1,0.007013278988621814
2023-12-07,32.97999954223633,33.619998931884766,32.810001373291016,33.5099983215332,33.41102600097656,20158800,0.01806729334195513,32.29229250024119,29.949569165329496,1,0.01806729334195513
2023-12-08,33.5099983215332,34.31999969482422,33.5099983215332,33.75,33.65032196044922,20272100,0.007136565657855631,32.69819444067186,30.179285379288345,1,0.007136565657855631
2023-12-11,33.5,34.02000045776367,33.439998626708984,33.58000183105469,33.4808235168457,23314400,-0.005049711141013088,33.048796293781244,30.409664484998903,1,-0.005049711141013088
2023-12-12,33.5,33.90999984741211,33.36000061035156,33.41999816894531,33.321292877197266,22492100,-0.004776237799468343,33.22586480620573,30.614211033432266,1,-0.004776237799468343
2023-12-13,33.29999923706055,34.060001373291016,32.83000183105469,33.9900016784668,33.88961410522461,28807100,0.016911944711160382,33.29057592711892,30.79523672400092,1,0.016911944711160382
2023-12-14,34.619998931884766,36.31999969482422,34.54999923706055,36.25,36.14293670654297,35593100,0.06437296821146589,33.52371784423488,31.00135822472438,1,0.06437296821146589
2023-12-15,36.29999923706055,36.4900016784668,35.619998931884766,35.72999954223633,35.624473571777344,34153800,-0.014448722077111086,34.432478562823256,31.339992005365907,1,-0.014448722077111086
2023-12-18,35.779998779296875,36.15999984741211,35.43000030517578,35.439998626708984,35.3353271484375,18151800,-0.00814957223643971,34.86498555596095,31.623227476631882,1,-0.00814957223643971
2023-12-19,35.5099983215332,35.9900016784668,35.369998931884766,35.869998931884766,35.76405715942383,11875400,0.012060174779660607,35.05665657954363,31.869478241829558,1,0.012060174779660607
2023-12-20,35.72999954223633,36.400001525878906,35.459999084472656,35.470001220703125,35.36524200439453,16585400,-0.01121395856617712,35.327770696990676,32.12758367062598,1,-0.01121395856617712
2023-12-21,35.83000183105469,36.31999969482422,35.689998626708984,36.25,36.14293670654297,18421900,0.02175207810006712,35.37518087156149,32.34322923362732,1,0.02175207810006712
2023-12-22,36.11000061035156,36.619998931884766,35.84000015258789,36.02000045776367,35.91361618041992,15020900,-0.006365028844276662,35.66678724770766,32.59528521609562,1,-0.006365028844276662
2023-12-26,36.02000045776367,36.41999816894531,36.02000045776367,36.130001068115234,36.023292541503906,10733900,0.003049222266253104,35.784524984392995,32.81623971645656,1,0.003049222266253104
2023-12-27,36.099998474121094,36.2599983215332,35.70000076293945,36.08000183105469,35.97344207763672,11128500,-0.0013848287783859996,35.89968367896707,33.030035414885894,1,-0.0013848287783859996
2023-12-28,36.0,36.2400016784668,35.90999984741211,36.20000076293945,36.09308624267578,9719400,0.003320393963126314,35.959789729662944,33.22681143983355,1,0.003320393963126314
2023-12-29,36.130001068115234,36.459999084472656,35.86000061035156,35.91999816894531,35.81391143798828,14124700,-0.00776494744931315,36.039860074088445,33.418633751840545,1,-0.00776494744931315
2024-01-02,35.63999938964844,36.630001068115234,35.439998626708984,36.04999923706055,35.94352722167969,17501300,0.0036126501095013405,35.9999061057074,33.580014970835336,1,0.0036126501095013405
2024-01-03,35.5099983215332,35.619998931884766,34.70000076293945,35.27000045776367,35.16583251953125,20308800,-0.021874085340788767,36.01660381615845,33.73937144515853,1,-0.021874085340788767
2024-01-04,35.65999984741211,35.97999954223633,35.279998779296875,35.4900016784668,35.38518142700195,20138000,0.006218256725680933,35.76773603002686,33.83812324067395,1,0.006218256725680933
2024-01-05,35.5099983215332,36.61000061035156,35.439998626708984,35.9900016784668,35.883705139160156,14996100,0.013990154775489632,35.67515791284017,33.94469759448255,1,0.013990154775489632
2024-01-08,35.83000183105469,36.849998474121094,35.81999969482422,36.70000076293945,36.591609954833984,13774800,0.019535607121094655,35.78010583471571,34.076654493605176,1,0.019535607121094655
2024-01-09,36.349998474121094,36.72999954223633,36.189998626708984,36.540000915527344,36.43207931518555,13892800,-0.0043691998437220755,36.08673747745696,34.24590479609368,1,-0.0043691998437220755
2024-01-10,36.56999969482422,36.619998931884766,35.9900016784668,36.310001373291016,36.202762603759766,16042600,-0.0063143527578101545,36.237825290147086,34.39391276117768,1,-0.0063143527578101545
2024-01-11,36.11000061035156,36.25,35.61000061035156,35.86000061035156,35.75408935546875,14628200,-0.012470738050145843,36.261883984528396,34.517532759464785,1,-0.012470738050145843
2024-01-12,35.66999816894531,36.119998931884766,35.20000076293945,35.2599983215332,35.15585708618164,16649600,-0.016873355830239203,36.12792285980279,34.604144491831406,1,-0.016873355830239203
2024-01-16,34.72999954223633,35.58000183105469,34.619998931884766,35.38999938964844,35.28547668457031,18287200,0.003680147743782555,35.83861468037959,34.64645805495425,1,0.003680147743782555
2024-01-17,34.83000183105469,35.209999084472656,34.72999954223633,35.0099983215332,34.90659713745117,15352800,-0.010795590086853615,35.68907625013588,34.69442890146288,1,-0.010795590086853615
2024-01-18,35.29999923706055,35.36000061035156,34.31999969482422,34.58000183105469,34.47787094116211,22571800,-0.012358153817670397,35.46271694060165,34.71478839271493,1,-0.012358153817670397
2024-01-19,34.59000015258789,35.65999984741211,34.34000015258789,35.5099983215332,35.405120849609375,17595100,0.026538766481148945,35.16847857075266,34.70609241605535,1,0.026538766481148945
2024-01-22,35.54999923706055,36.04999923706055,35.279998779296875,35.31999969482422,35.21568298339844,15127100,-0.00536493259210703,35.28231848767951,34.757957700710506,1,-0.00536493259210703
2024-01-23,35.619998931884766,35.7599983215332,34.939998626708984,35.22999954223633,35.12594985961914,16822800,-0.002551387735877836,35.29487889006108,34.79421872798009,1,-0.002551387735877836
2024-01-24,35.290000915527344,35.599998474121094,34.560001373291016,34.70000076293945,34.59751510620117,15483400,-0.015158270420029495,35.27325244078616,34.82233380306144,1,-0.015158270420029495
2024-01-25,34.959999084472656,35.2599983215332,34.709999084472656,35.15999984741211,35.056156158447266,21520300,0.013169359537620457,35.08216854817059,34.814441300582,1,0.013169359537620457
2024-01-26,35.15999984741211,35.54999923706055,35.040000915527344,35.18000030517578,35.07609558105469,14190100,0.0005686795069460544,35.10811231458443,34.83673552795186,1,0.0005686795069460544
2024-01-29,35.20000076293945,35.61000061035156,34.93000030517578,35.38999938964844,35.28547668457031,24054800,0.005951529126823093,35.13207497811488,34.858881761163005,1,0.005951529126823093
2024-01-30,38.349998474121094,38.959999084472656,37.400001525878906,38.150001525878906,38.03732681274414,57982600,0.07509652061636062,35.2180497819594,34.89314758620876,1,0.07509652061636062
2024-01-31,38.20000076293945,39.75,38.130001068115234,38.79999923706055,38.68540573120117,34203100,0.016894429238548433,36.19536702993257,35.10326817956752,1,0.016894429238548433
2024-02-01,39.18000030517578,39.310001373291016,38.529998779296875,38.869998931884766,38.75519943237305,21343000,0.0018024904191245564,37.063577765641895,35.341768002682116,1,0.0018024904191245564
2024-02-02,38.529998779296875,39.189998626708984,38.290000915527344,38.90999984741211,38.795082092285156,19817100,0.0010285656899382497,37.665718154389516,35.56939673777671,1,0.0010285656899382497
2024-02-05,38.529998779296875,38.689998626708984,37.68000030517578,37.790000915527344,37.67839050292969,19722400,-0.029206741486795824,38.08047871873038,35.78492034562125,1,-0.029206741486795824
2024-02-06,37.599998474121094,38.66999816894531,37.599998474121094,38.029998779296875,37.91767883300781,16280200,0.006330748253635504,37.98365278432937,35.91428084650572,1,0.006330748253635504
2024-02-07,38.540000915527344,39.119998931884766,38.099998474121094,38.720001220703125,38.60564422607422,19093800,0.01798100409305731,37.99910144931854,36.050779235783814,1,0.01798100409305731
