date,symbol,engagement_ratio,rank
2021-11-30,AAL,0.20383456685044507,37.0
2021-11-30,AAPL,0.2563175647048564,23.0
2021-11-30,ABBV,0.24467716574640988,26.0
2021-11-30,ABT,0.3133675235729876,14.0
2021-11-30,AES,0.8646125668797187,2.0
2021-11-30,AMD,0.23243172007762364,27.0
2021-11-30,AMZN,0.26202165570113417,22.0
2021-11-30,ATVI,0.190583946194474,40.0
2021-11-30,BA,0.42116619577952147,8.0
2021-11-30,C,0.26609357305312004,18.0
2021-11-30,CMG,0.3340178151933073,12.0
2021-11-30,CRM,0.22085214600539613,33.0
2021-11-30,DAL,0.6188963099903901,6.0
2021-11-30,DIS,0.16743603647489672,44.0
2021-11-30,EA,0.2623012419798228,21.0
2021-11-30,EBAY,0.24862493778078704,25.0
2021-11-30,EL,0.20270270270270271,38.0
2021-11-30,ES,0.21895883429790328,34.0
2021-11-30,F,0.15291578883693074,45.0
2021-11-30,FCX,0.626322992442686,5.0
2021-11-30,GILD,0.10175438596491228,51.0
2021-11-30,GOOG,0.22579670177728886,30.0
2021-11-30,GOOGL,0.21858336043516366,35.0
2021-11-30,GS,0.3768715997894702,10.0
2021-11-30,J,0.45491598735651306,7.0
2021-11-30,JPM,0.3022465417996511,16.0
2021-11-30,K,0.2755931101722457,17.0
2021-11-30,KEY,0.22217246146930045,32.0
2021-11-30,KO,0.23097837185086192,28.0
2021-11-30,LUV,0.2299349240780911,29.0
2021-11-30,MA,0.18606600303028417,41.0
2021-11-30,META,0.19934652559198732,39.0
2021-11-30,MNST,0.6997208537425733,3.0
2021-11-30,MO,0.32663239703751,13.0
2021-11-30,MSFT,0.22509645684197893,31.0
2021-11-30,MU,0.14051563297135913,48.0
2021-11-30,NFLX,0.3406675165639268,11.0
2021-11-30,NKE,0.2147645355171196,36.0
2021-11-30,NVDA,0.14098785832438404,47.0
2021-11-30,OXY,2.147740813235726,1.0
2021-11-30,PEP,0.10740170729721167,50.0
2021-11-30,PFE,0.25297712896236696,24.0
2021-11-30,PG,0.17475289352435658,43.0
2021-11-30,PM,0.18122605363984673,42.0
2021-11-30,REGN,0.4157468727005151,9.0
2021-11-30,SLB,0.6473744804327488,4.0
2021-11-30,STZ,0.26339285714285715,20.0
2021-11-30,T,0.3132520254143205,15.0
2021-11-30,TSLA,0.10841691609304023,49.0
2021-11-30,TSN,0.26515151515151514,19.0
2021-11-30,V,0.1419944248867141,46.0
2021-12-31,A,0.678629776476329,7.0
2021-12-31,AAL,0.21965000959661451,32.0
2021-12-31,AAPL,0.16235850432855603,50.0
2021-12-31,ABBV,0.18204116549906266,43.0
2021-12-31,ABT,0.28042484353399827,22.0
2021-12-31,AMD,0.3610789629553103,14.0
2021-12-31,AMZN,0.17187880311476142,48.0
2021-12-31,ATVI,0.2644848624438864,25.0
2021-12-31,BA,0.6344875692380157,8.0
2021-12-31,C,0.4434669347301653,13.0
2021-12-31,CB,0.23135179997925095,30.0
2021-12-31,CMG,0.28185417004974744,21.0
2021-12-31,CRM,0.18154362104545171,44.0
2021-12-31,D,0.801994301994302,5.0
2021-12-31,DAL,0.44367525935085045,12.0
2021-12-31,DIS,0.16532618029599772,49.0
2021-12-31,EA,0.30984262577413274,16.0
2021-12-31,EBAY,0.18319369759945767,42.0
2021-12-31,EL,0.47976520468320627,10.0
2021-12-31,ES,0.1333005485835131,53.0
2021-12-31,F,0.1845010594183365,41.0
2021-12-31,FCX,0.8412204904785485,4.0
2021-12-31,GILD,0.22623535375496026,31.0
2021-12-31,GOOG,0.181446158184291,45.0
2021-12-31,GOOGL,0.23730821231625243,28.0
2021-12-31,GS,0.35686773716173564,15.0
2021-12-31,ILMN,0.7419354838709677,6.0
2021-12-31,JPM,0.25859693706690423,26.0
2021-12-31,K,0.30145829929870116,19.0
2021-12-31,KEY,0.23711167701865857,29.0
2021-12-31,KO,0.17581415083108062,47.0
2021-12-31,L,6.507246376811594,1.0
2021-12-31,LUV,1.3032150617373957,2.0
2021-12-31,MA,0.8834005377558216,3.0
2021-12-31,META,0.20685544147958906,36.0
2021-12-31,MNST,0.3053139114554163,17.0
2021-12-31,MO,0.21635573869881822,35.0
2021-12-31,MSFT,0.189834484335231,39.0
2021-12-31,MU,0.18829613516534616,40.0
2021-12-31,NFLX,0.26580015835711074,24.0
2021-12-31,NKE,0.1795981119588112,46.0
2021-12-31,NVDA,0.1599525133396135,51.0
2021-12-31,OXY,0.5426987226901033,9.0
2021-12-31,PEP,0.30385560284807717,18.0
2021-12-31,PFE,0.25152803178503796,27.0
2021-12-31,PG,0.19919996058828957,37.0
2021-12-31,PM,0.2191268961311397,33.0
2021-12-31,REGN,0.29362132295584503,20.0
2021-12-31,SLB,0.19327731092436976,38.0
2021-12-31,STZ,0.4673364981299734,11.0
2021-12-31,T,0.2186760976692237,34.0
2021-12-31,TSLA,0.11151730521911907,54.0
2021-12-31,TSN,0.28014508482321354,23.0
2021-12-31,V,0.14989439251389677,52.0
2022-01-31,A,0.4091140344384527,12.0
2022-01-31,AAL,0.2892218309002673,28.0
2022-01-31,AAPL,0.1830462178848902,55.0
2022-01-31,ABBV,0.21650425131510595,42.0
2022-01-31,ABT,0.2853310698390254,29.0
2022-01-31,AES,0.6534839924670433,6.0
2022-01-31,AMD,0.7155556764354999,4.0
2022-01-31,AMZN,0.18685950738151968,53.0
2022-01-31,ATVI,0.32279923911148456,21.0
2022-01-31,BA,0.39327063518368977,15.0
2022-01-31,BIIB,0.35158315303629467,16.0
2022-01-31,BKR,0.3322608764243622,18.0
2022-01-31,C,0.28328328912526735,30.0
2022-01-31,CB,0.23388378184803316,37.0
2022-01-31,CMG,0.21088790836933682,45.0
2022-01-31,CRM,0.24779334038278214,34.0
2022-01-31,D,1.1366783827725544,1.0
2022-01-31,DAL,0.40105976619219535,14.0
2022-01-31,DD,0.4335027026880084,10.0
2022-01-31,DIS,0.2241823383648197,41.0
2022-01-31,EA,0.2788943808257857,31.0
2022-01-31,EBAY,0.2633975087886788,32.0
2022-01-31,EL,0.25650701307215296,33.0
2022-01-31,ES,0.13536960352624572,61.0
2022-01-31,F,0.18517241595395031,54.0
2022-01-31,FCX,0.6552365882726817,5.0
2022-01-31,GILD,0.3118508631244436,22.0
2022-01-31,GOOG,0.15256613542009684,60.0
2022-01-31,GOOGL,0.20302562792029855,47.0
2022-01-31,GS,0.2959160441029397,27.0
2022-01-31,HBAN,0.40432766559016203,13.0
2022-01-31,ILMN,0.4585725419071342,8.0
2022-01-31,J,0.2356790883892824,36.0
2022-01-31,JPM,0.2401770260267202,35.0
2022-01-31,K,0.2967863568873639,25.0
2022-01-31,KEY,0.41695597771700915,11.0
2022-01-31,KO,0.16015529300828124,59.0
2022-01-31,L,0.21083123953098826,46.0
2022-01-31,LUV,1.0352577473239168,2.0
2022-01-31,MA,0.729062922392157,3.0
2022-01-31,META,0.22420081976440434,40.0
2022-01-31,MNST,0.45612853578739504,9.0
2022-01-31,MO,0.17556976128292034,58.0
2022-01-31,MRO,0.23307922480476867,38.0
2022-01-31,MSFT,0.1963623541887156,48.0
2022-01-31,MU,0.17650990332159186,57.0
2022-01-31,NFLX,0.18008370226375683,56.0
2022-01-31,NKE,0.18854181932908967,52.0
2022-01-31,NUE,0.3269125097083012,19.0
2022-01-31,NVDA,0.18866741163619916,51.0
2022-01-31,OXY,0.21589137426569593,43.0
2022-01-31,PEP,0.1929243444359133,50.0
2022-01-31,PFE,0.3056126162311432,23.0
2022-01-31,PG,0.22584132067831506,39.0
2022-01-31,PM,0.19508029124842807,49.0
2022-01-31,REGN,0.3352401955740044,17.0
2022-01-31,SLB,0.32568988563190215,20.0
2022-01-31,STZ,0.47591440723922,7.0
2022-01-31,T,0.2966993629748068,26.0
2022-01-31,TSLA,0.10602211899144735,62.0
2022-01-31,TSN,0.300743591727621,24.0
2022-01-31,V,0.21105338186092537,44.0
2022-02-28,A,0.4166840771698662,12.0
2022-02-28,AAL,0.3733491101106145,17.0
2022-02-28,AAP,0.3434792760808607,20.0
2022-02-28,AAPL,0.16461523324648364,65.0
2022-02-28,ABBV,0.21538572199216335,50.0
2022-02-28,ABT,0.30113407464023767,28.0
2022-02-28,AEP,0.3098575740842669,25.0
2022-02-28,AES,0.26669999152535845,32.0
2022-02-28,AMD,0.4045897955215886,13.0
2022-02-28,AMZN,0.22563258399694228,43.0
2022-02-28,ATVI,0.19091736651479757,57.0
2022-02-28,BA,0.43739106959936025,10.0
2022-02-28,BIIB,0.44006455509361714,9.0
2022-02-28,BKR,0.2609483297392847,35.0
2022-02-28,C,0.25916178343941426,36.0
2022-02-28,CB,0.24679774689909756,38.0
2022-02-28,CMG,0.19481859416121686,54.0
2022-02-28,CRM,0.16686177661062299,63.0
2022-02-28,D,0.49669370926518336,6.0
2022-02-28,DAL,0.30632180415383864,26.0
2022-02-28,DD,0.43649359682325545,11.0
2022-02-28,DIS,0.2624657817222441,34.0
2022-02-28,EA,0.2817146118313326,31.0
2022-02-28,EBAY,0.29858021588145306,29.0
2022-02-28,EL,0.23912923904334862,40.0
2022-02-28,ENPH,0.20605313386705867,52.0
2022-02-28,ES,0.10619145892589146,69.0
2022-02-28,F,0.1985326849966553,53.0
2022-02-28,FCX,1.1383321537291695,2.0
2022-02-28,GILD,0.5308860767822751,5.0
2022-02-28,GOOG,0.1322600474285866,67.0
2022-02-28,GOOGL,0.16681096004530344,64.0
2022-02-28,GS,0.3104896658664343,24.0
2022-02-28,HBAN,0.4954954954954955,7.0
2022-02-28,ILMN,0.2660112534001237,33.0
2022-02-28,INTC,0.2192502914048691,47.0
2022-02-28,J,0.3044573065698436,27.0
2022-02-28,JPM,0.22014054069976982,45.0
2022-02-28,K,0.28275992068173184,30.0
2022-02-28,KEY,0.3435907529050419,19.0
2022-02-28,KO,0.21686783603650814,49.0
2022-02-28,L,0.32088126703200653,22.0
2022-02-28,LMT,0.16736995240829672,62.0
2022-02-28,LUV,1.5743768373882887,1.0
2022-02-28,MA,0.18771557823079624,58.0
2022-02-28,META,0.19419364937690337,55.0
2022-02-28,MNST,0.21484353324044056,51.0
2022-02-28,MO,0.17719879859598178,60.0
2022-02-28,MRNA,0.3964102751891138,14.0
2022-02-28,MRO,0.5817478739266762,4.0
2022-02-28,MSFT,0.2253222407319937,44.0
2022-02-28,MU,0.19229822653846781,56.0
2022-02-28,NFLX,0.1377154946291045,66.0
2022-02-28,NKE,0.18591134228041442,59.0
2022-02-28,NUE,0.21976333030645614,46.0
2022-02-28,NVDA,0.2452110019146481,39.0
2022-02-28,OXY,1.0255785342458477,3.0
2022-02-28,PEP,0.23378046981164932,41.0
2022-02-28,PFE,0.4456687319374418,8.0
2022-02-28,PG,0.17627409707144165,61.0
2022-02-28,PM,0.22614390804815984,42.0
2022-02-28,REGN,0.38893448353243865,15.0
2022-02-28,SLB,0.2516225477041408,37.0
2022-02-28,STZ,0.33637508222772233,21.0
2022-02-28,T,0.3646343097594934,18.0
2022-02-28,TMO,0.21711082690554193,48.0
2022-02-28,TSLA,0.10919579369472991,68.0
2022-02-28,TSN,0.3173242468204204,23.0
2022-02-28,V,0.3851916782643666,16.0
2022-03-31,A,5.237229822693699,1.0
2022-03-31,AAL,0.5186762511055786,8.0
2022-03-31,AAP,0.3538906296296115,21.0
2022-03-31,AAPL,0.14488854924307998,64.0
2022-03-31,ABBV,0.19031896710381077,52.0
2022-03-31,ABT,0.3020331844945297,28.0
2022-03-31,AEP,0.4093430183726184,15.0
2022-03-31,AES,0.4540982365851812,13.0
2022-03-31,AMD,0.47180897844413205,12.0
2022-03-31,AMZN,0.17942638891230422,60.0
2022-03-31,ATVI,0.23655742325721024,41.0
2022-03-31,BA,0.48706512986947087,10.0
2022-03-31,BIIB,0.3900095604349866,17.0
2022-03-31,BKR,0.3981521021712191,16.0
2022-03-31,C,0.282277635658018,35.0
2022-03-31,CB,0.2678363201316821,39.0
2022-03-31,CMG,0.18751384798288792,58.0
2022-03-31,CRM,0.8435863478174491,3.0
2022-03-31,D,0.3001790705327704,29.0
2022-03-31,DAL,0.43370100126520944,14.0
2022-03-31,DD,0.6359506242763758,6.0
2022-03-31,DIS,0.23012610089178714,43.0
2022-03-31,EA,0.3218930210951485,26.0
2022-03-31,EBAY,0.216161615232006,45.0
2022-03-31,EL,0.3223997956388282,25.0
2022-03-31,ENPH,0.18890278928897158,56.0
2022-03-31,ES,0.13687295021766466,66.0
2022-03-31,F,0.20286737127369003,49.0
2022-03-31,FCX,0.5652260708162161,7.0
2022-03-31,GILD,0.3298653995532707,23.0
2022-03-31,GOOG,0.13930657091036583,65.0
2022-03-31,GOOGL,0.18984299661078674,54.0
2022-03-31,GS,0.27054742369602514,37.0
2022-03-31,ILMN,0.36632285244268237,19.0
2022-03-31,INTC,0.21167331572611015,46.0
2022-03-31,J,0.18712560440572268,59.0
2022-03-31,JPM,0.24519300014425346,40.0
2022-03-31,K,0.3851273206925192,18.0
2022-03-31,KEY,0.4971929251467202,9.0
2022-03-31,KO,0.18763861382113325,57.0
2022-03-31,L,0.2920392582609516,30.0
2022-03-31,LMT,0.2844312862372213,34.0
2022-03-31,MA,0.2051114612596736,48.0
2022-03-31,META,0.16368492772629517,63.0
2022-03-31,MNST,0.2871485065266368,31.0
2022-03-31,MO,0.1955393540909378,51.0
2022-03-31,MRNA,0.3146088440723163,27.0
2022-03-31,MRO,0.3329872011601367,22.0
2022-03-31,MSFT,0.27038693100912237,38.0
2022-03-31,MU,0.36075056407522627,20.0
2022-03-31,NFLX,0.16890156695807906,62.0
2022-03-31,NKE,0.18895410873478746,55.0
2022-03-31,NUE,0.19662672595459482,50.0
2022-03-31,NVDA,0.21163390093768833,47.0
2022-03-31,OXY,0.47639247974183313,11.0
2022-03-31,PEP,0.2163423332320497,44.0
2022-03-31,PFE,0.7677506862463326,4.0
2022-03-31,PG,0.1751027313648687,61.0
2022-03-31,PM,0.6978864052185798,5.0
2022-03-31,REGN,0.28646379186974774,32.0
2022-03-31,SLB,0.23121481420947218,42.0
2022-03-31,STZ,3.412125444747769,2.0
2022-03-31,T,0.2753769060300889,36.0
2022-03-31,TMO,0.285626521366605,33.0
2022-03-31,TSLA,0.10503262909438481,67.0
2022-03-31,TSN,0.32268915419426486,24.0
2022-03-31,V,0.1902780167221704,53.0
2022-04-30,A,0.38881966826170483,12.0
2022-04-30,AAL,0.25227148368258445,38.0
2022-04-30,AAP,0.2864550597108737,27.0
2022-04-30,AAPL,0.1731716024778277,67.0
2022-04-30,ABBV,0.21758014485016167,51.0
2022-04-30,ABT,0.2941824249735261,25.0
2022-04-30,AEP,0.20618990441667553,58.0
2022-04-30,AES,0.3884297520661157,13.0
2022-04-30,AMD,0.9912974560463306,1.0
2022-04-30,AMZN,0.16229058669726248,69.0
2022-04-30,ATVI,0.22432844247986472,46.0
2022-04-30,BA,0.2552165488273453,36.0
2022-04-30,BIIB,0.35825013164229125,16.0
2022-04-30,BKR,0.37843537285088347,14.0
2022-04-30,BMY,0.2613188074630566,34.0
2022-04-30,C,0.4055004175642818,11.0
2022-04-30,CB,0.5211928629367016,8.0
2022-04-30,CMG,0.2697434372861188,32.0
2022-04-30,CRM,0.9269981170145487,3.0
2022-04-30,CVX,0.8361238050596025,4.0
2022-04-30,D,0.3408225938745469,17.0
2022-04-30,DAL,0.21132491384306223,55.0
2022-04-30,DD,0.642463706514895,7.0
2022-04-30,DIS,0.23372478119568296,42.0
2022-04-30,EA,0.3666151149693582,15.0
2022-04-30,EBAY,0.19403801169577872,64.0
2022-04-30,EL,0.18540456990158047,65.0
2022-04-30,ENPH,0.2028474559860576,60.0
2022-04-30,ES,0.14808377244989698,72.0
2022-04-30,F,0.21631051519272454,52.0
2022-04-30,FCX,0.4593706525428203,10.0
2022-04-30,GILD,0.264183109826917,33.0
2022-04-30,GOOG,0.1322253562513364,74.0
2022-04-30,GOOGL,0.21473569784301486,53.0
2022-04-30,GS,0.22968074203204727,44.0
2022-04-30,HBAN,0.3177284596239175,19.0
2022-04-30,HON,0.2970892818300945,24.0
2022-04-30,ILMN,0.2811094335872741,29.0
2022-04-30,INTC,0.2592132156304772,35.0
2022-04-30,J,0.9891696750902527,2.0
2022-04-30,JNJ,0.19629220254107416,62.0
2022-04-30,JPM,0.20800355692826503,57.0
2022-04-30,K,0.283029447707285,28.0
2022-04-30,KEY,0.8009775392322835,5.0
2022-04-30,KO,0.2336951860937554,43.0
2022-04-30,L,0.5145297994985147,9.0
2022-04-30,LMT,0.27488324761163646,31.0
2022-04-30,MA,0.2189703986737994,50.0
2022-04-30,META,0.15108208327405698,71.0
2022-04-30,MNST,0.33968327498405737,18.0
2022-04-30,MO,0.17813382639811615,66.0
2022-04-30,MRNA,0.23980037959374717,39.0
2022-04-30,MRO,0.2770819140138071,30.0
2022-04-30,MSFT,0.20047919841772985,61.0
2022-04-30,MU,0.290418637727868,26.0
2022-04-30,NCLH,0.22329720437807293,47.0
2022-04-30,NFLX,0.21404508134043845,54.0
2022-04-30,NKE,0.16348152973538702,68.0
2022-04-30,NUE,0.29946805135746224,22.0
2022-04-30,NVDA,0.15182351117311654,70.0
2022-04-30,OXY,0.23641464842036378,40.0
2022-04-30,PEP,0.20391356631845678,59.0
2022-04-30,PFE,0.2981416119916218,23.0
2022-04-30,PG,0.22133223930817103,49.0
2022-04-30,PM,0.7589501447361215,6.0
2022-04-30,PYPL,0.14426279589505445,73.0
2022-04-30,REGN,0.22801958575279177,45.0
2022-04-30,SLB,0.3088017019638972,20.0
2022-04-30,STZ,0.30693938564852824,21.0
2022-04-30,T,0.25397501362429015,37.0
2022-04-30,TMO,0.2360214062380769,41.0
2022-04-30,TSLA,0.1209202068617082,75.0
2022-04-30,TSN,0.22249674461901134,48.0
2022-04-30,V,0.21084958123808153,56.0
2022-04-30,XOM,0.19422487984903297,63.0
2022-05-31,A,0.364055776979114,12.0
2022-05-31,AAL,0.18776979253150294,58.0
2022-05-31,AAP,0.32251473120490753,17.0
2022-05-31,AAPL,0.14022459024311015,80.0
2022-05-31,ABBV,0.17622186620003066,63.0
2022-05-31,ABT,0.24174380803629225,34.0
2022-05-31,AEP,0.4782608695652174,7.0
2022-05-31,AES,0.4126079975533298,10.0
2022-05-31,AMD,0.7314584396752978,1.0
2022-05-31,AMZN,0.1423215489693115,79.0
2022-05-31,ATVI,0.19814095339453106,52.0
2022-05-31,AVGO,0.17533805192174814,64.0
2022-05-31,BA,0.21496890900413487,46.0
2022-05-31,BIIB,0.45694449671820575,9.0
2022-05-31,BKR,0.2185002660411628,44.0
2022-05-31,BMY,0.22129292691004349,41.0
2022-05-31,C,0.22300651396479734,38.0
2022-05-31,CB,0.2952649079557103,23.0
2022-05-31,CMG,0.16120146524565143,69.0
2022-05-31,CRM,0.5254914724760484,6.0
2022-05-31,CVX,0.24744734195430806,32.0
2022-05-31,D,0.3542871029041836,14.0
2022-05-31,DAL,0.25011718419569834,31.0
2022-05-31,DD,0.600112513532425,4.0
2022-05-31,DG,0.45761723967513407,8.0
2022-05-31,DIS,0.1668919846573995,66.0
2022-05-31,DLTR,0.20937279487436214,48.0
2022-05-31,DVN,0.2146607136168557,47.0
2022-05-31,EA,0.24581896081161494,33.0
2022-05-31,EBAY,0.20873072201452605,49.0
2022-05-31,EL,0.3434897384905941,15.0
2022-05-31,ENPH,0.1551268653054155,75.0
2022-05-31,ES,0.10637379551529108,82.0
2022-05-31,F,0.15661145568114387,73.0
2022-05-31,FCX,0.5460916733180325,5.0
2022-05-31,GILD,0.3139780429643181,19.0
2022-05-31,GOOG,0.18660361494054425,60.0
2022-05-31,GOOGL,0.16179631280332715,68.0
2022-05-31,GS,0.19017859985190047,56.0
2022-05-31,HBAN,0.20303962750005913,50.0
2022-05-31,HON,0.2819866954404974,26.0
2022-05-31,ILMN,0.29873932176718876,22.0
2022-05-31,INTC,0.22015720762120874,42.0
2022-05-31,J,0.2800622878669203,27.0
2022-05-31,JNJ,0.1882806264007329,57.0
2022-05-31,JPM,0.18773649764957326,59.0
2022-05-31,K,0.35528829527068917,13.0
2022-05-31,KEY,0.6833985261693856,2.0
2022-05-31,KO,0.16095474466476928,71.0
2022-05-31,L,0.1659936826969552,67.0
2022-05-31,LMT,0.6525568480794574,3.0
2022-05-31,MA,0.168202393984231,65.0
2022-05-31,MDT,0.2227650215645065,39.0
2022-05-31,META,0.20245555012646985,51.0
2022-05-31,MNST,0.2403663980317317,35.0
2022-05-31,MO,0.16097922654505414,70.0
2022-05-31,MPC,0.2867310291639859,25.0
2022-05-31,MRNA,0.27917220521943686,29.0
2022-05-31,MRO,0.3936748185623729,11.0
2022-05-31,MSFT,0.19185084029285387,54.0
2022-05-31,MU,0.14930130994656046,77.0
2022-05-31,NCLH,0.2682124662775363,30.0
2022-05-31,NFLX,0.14379708411523998,78.0
2022-05-31,NKE,0.18416212406789148,61.0
2022-05-31,NUE,0.23731691301150273,36.0
2022-05-31,NVDA,0.21859026148699665,43.0
2022-05-31,OXY,0.19161930266717755,55.0
2022-05-31,PEP,0.16021319977106865,72.0
2022-05-31,PFE,0.30406090532838576,21.0
2022-05-31,PG,0.15378751193528123,76.0
2022-05-31,PM,0.2797566716857648,28.0
2022-05-31,PYPL,0.2181429182363087,45.0
2022-05-31,RCL,0.2236375265081403,37.0
2022-05-31,REGN,0.3080170779480426,20.0
2022-05-31,SLB,0.31886263600927595,18.0
2022-05-31,STZ,0.22222631876891683,40.0
2022-05-31,T,0.1952226113372471,53.0
2022-05-31,TMO,0.3268216195786588,16.0
2022-05-31,TSLA,0.1259015116013585,81.0
2022-05-31,TSN,0.29245023440161433,24.0
2022-05-31,V,0.18096517594540004,62.0
2022-05-31,XOM,0.1552928031367324,74.0
2022-06-30,A,0.40375481569496624,15.0
2022-06-30,AAL,0.21579801350385475,45.0
2022-06-30,AAP,0.14701570381930426,80.0
2022-06-30,AAPL,0.1596669449069023,73.0
2022-06-30,ABBV,0.1529215703735441,77.0
2022-06-30,ABT,0.37336231148429677,16.0
2022-06-30,AEP,0.288135593220339,27.0
2022-06-30,AES,0.26893859806621917,29.0
2022-06-30,AMD,0.2522005460886223,31.0
2022-06-30,AMZN,0.15961719431043486,74.0
2022-06-30,ATVI,0.2503329470570556,32.0
2022-06-30,AVGO,0.17734116071028946,65.0
2022-06-30,BA,0.18173674676449433,59.0
2022-06-30,BIIB,0.41739497583858143,14.0
2022-06-30,BKR,0.23281971689835426,40.0
2022-06-30,BMY,0.23431844684766287,38.0
2022-06-30,C,0.24669763934292194,34.0
2022-06-30,CB,0.6797151928974584,3.0
2022-06-30,CCL,0.24391991520381,35.0
2022-06-30,CMG,0.18237516854001157,58.0
2022-06-30,CRM,0.6499065058666996,4.0
2022-06-30,CVX,0.20191064935306233,52.0
2022-06-30,D,0.24372605030015818,36.0
2022-06-30,DAL,0.22247258958320265,42.0
2022-06-30,DD,0.9150769642838713,1.0
2022-06-30,DG,0.33090498326729556,19.0
2022-06-30,DIS,0.20503005931770263,49.0
2022-06-30,DLTR,0.20250413116120242,50.0
2022-06-30,DVN,0.17863516435474447,63.0
2022-06-30,EA,0.4720304604957811,9.0
2022-06-30,EBAY,0.23424694588676892,39.0
2022-06-30,EL,0.24128443257134297,37.0
2022-06-30,ENPH,0.15484491321033786,76.0
2022-06-30,ES,0.1502452352434093,79.0
2022-06-30,F,0.15205450638521834,78.0
2022-06-30,FCX,0.5036257768952317,5.0
2022-06-30,GILD,0.2848978034770812,28.0
2022-06-30,GOOG,0.20542177427953462,48.0
2022-06-30,GOOGL,0.1808737613393846,60.0
2022-06-30,GS,0.5027904800171972,6.0
2022-06-30,HBAN,0.1850148955039212,57.0
2022-06-30,HON,0.3666574377130588,18.0
2022-06-30,ILMN,0.4549209553324651,10.0
2022-06-30,INTC,0.1669359953964362,71.0
2022-06-30,JNJ,0.17640856654645867,66.0
2022-06-30,JPM,0.4479240269845011,12.0
2022-06-30,K,0.19447202499919058,55.0
2022-06-30,KEY,0.48382035632732284,7.0
2022-06-30,KO,0.16966397271230887,69.0
2022-06-30,L,0.4538354638449761,11.0
2022-06-30,LMT,0.2619554081813121,30.0
2022-06-30,MA,0.19161814506371136,56.0
2022-06-30,MDT,0.42619971020104186,13.0
2022-06-30,META,0.19921351605033422,53.0
2022-06-30,MNST,0.17862855353488452,64.0
2022-06-30,MO,0.17549348254726546,68.0
2022-06-30,MPC,0.3722034101644329,17.0
2022-06-30,MRNA,0.29243203730404316,24.0
2022-06-30,MRO,0.2933366814836774,23.0
2022-06-30,MSFT,0.20236577483822088,51.0
2022-06-30,MU,0.1795707726959397,62.0
2022-06-30,NCLH,0.2911841171004731,25.0
2022-06-30,NFLX,0.19542215710217595,54.0
2022-06-30,NKE,0.1405243244328311,81.0
2022-06-30,NUE,0.21646494697876265,43.0
2022-06-30,NVDA,0.17981263509595072,61.0
2022-06-30,OXY,0.17590266337378654,67.0
2022-06-30,PEP,0.15609179931562667,75.0
2022-06-30,PFE,0.24862151015928677,33.0
2022-06-30,PG,0.1632441682919029,72.0
2022-06-30,PM,0.3134221304446992,22.0
2022-06-30,PYPL,0.21473846122861814,46.0
2022-06-30,RCL,0.2160616990621565,44.0
2022-06-30,REGN,0.47301979501398733,8.0
2022-06-30,SLB,0.23173042035027877,41.0
2022-06-30,STZ,0.6881766196114621,2.0
2022-06-30,T,0.3166068937508625,21.0
2022-06-30,TMO,0.31872776703605166,20.0
2022-06-30,TSLA,0.12257614959105094,82.0
2022-06-30,TSN,0.2889242522919359,26.0
2022-06-30,V,0.2146560845584334,47.0
2022-06-30,XOM,0.16791174368052328,70.0
2022-07-31,A,0.5334388085325783,5.0
2022-07-31,AAL,0.2702382852652435,40.0
2022-07-31,AAP,0.35555555555555557,19.0
2022-07-31,AAPL,0.18501457296308002,77.0
2022-07-31,ABBV,0.1696877909203154,81.0
2022-07-31,ABT,0.4027723746070518,12.0
2022-07-31,AEP,0.2665601237557566,41.0
2022-07-31,AES,0.31272395991497115,30.0
2022-07-31,AMD,0.23476432014144558,56.0
2022-07-31,AMZN,0.18176208483280004,80.0
2022-07-31,ATVI,0.2648253481609257,44.0
2022-07-31,AVGO,0.1857014569258861,76.0
2022-07-31,BA,0.26593666159891854,42.0
2022-07-31,BIIB,0.3244856737013937,24.0
2022-07-31,BKR,0.39388951163603453,13.0
2022-07-31,BMY,0.23590169100651237,55.0
2022-07-31,C,0.26478509335518596,45.0
2022-07-31,CB,0.30838511898765264,31.0
2022-07-31,CCL,0.26568064381277695,43.0
2022-07-31,CMG,0.2388571783675719,53.0
2022-07-31,CRM,0.3129693005517486,29.0
2022-07-31,CVX,0.25351989962756766,48.0
2022-07-31,D,0.33212121945457584,22.0
2022-07-31,DAL,0.3223667977850593,25.0
2022-07-31,DD,0.6615103111005263,3.0
2022-07-31,DG,0.30074082258666635,34.0
2022-07-31,DIS,0.1919983570030082,73.0
2022-07-31,DLTR,0.19725545821349333,70.0
2022-07-31,DVN,0.2889973721977225,37.0
2022-07-31,EA,0.42844295176496944,8.0
2022-07-31,EBAY,0.4112745606444706,11.0
2022-07-31,EL,0.20425364995490636,64.0
2022-07-31,ENPH,0.19576867886949986,71.0
2022-07-31,ES,0.19749749164296262,69.0
2022-07-31,F,0.24049912235692633,52.0
2022-07-31,FCX,0.3405389198518144,20.0
2022-07-31,GILD,0.3269837090108511,23.0
2022-07-31,GOOG,0.19125130598249934,74.0
2022-07-31,GOOGL,0.18263665678388163,79.0
2022-07-31,GS,0.3156630347361756,28.0
2022-07-31,HBAN,0.2888364193011237,38.0
2022-07-31,HON,0.36070138454372774,17.0
2022-07-31,ILMN,0.32115361723119923,27.0
2022-07-31,INTC,0.23125446473232406,57.0
2022-07-31,J,0.32145743165709634,26.0
2022-07-31,JNJ,0.24403795222141622,51.0
2022-07-31,JPM,1.0708462554037301,1.0
2022-07-31,K,0.2048964905386176,63.0
2022-07-31,KEY,0.3816110129029486,15.0
2022-07-31,KO,0.20822476118999161,61.0
2022-07-31,L,0.19990594183783952,67.0
2022-07-31,LMT,0.2909182726645344,36.0
2022-07-31,MA,0.22904741913531004,58.0
2022-07-31,MDT,0.3052571282299704,32.0
2022-07-31,META,0.5235705177665511,6.0
2022-07-31,MNST,0.2154094647508951,60.0
2022-07-31,MO,0.23720690267332192,54.0
2022-07-31,MPC,0.38590855027109994,14.0
2022-07-31,MRNA,0.2868156704007065,39.0
2022-07-31,MRO,0.36772933219396187,16.0
2022-07-31,MSFT,0.20020711285576,66.0
2022-07-31,MU,0.1526968709520719,82.0
2022-07-31,NCLH,0.47697725789239775,7.0
2022-07-31,NFLX,0.26110346173039917,47.0
2022-07-31,NKE,0.15267639767052799,83.0
2022-07-31,NUE,0.33836715763892905,21.0
2022-07-31,NVDA,0.24411481280270506,50.0
2022-07-31,OXY,0.18371815289032362,78.0
2022-07-31,PEP,0.20493272153492864,62.0
2022-07-31,PFE,0.2646201572010481,46.0
2022-07-31,PG,0.21635287166067965,59.0
2022-07-31,PM,0.2963177859590482,35.0
2022-07-31,PYPL,0.20169509161149882,65.0
2022-07-31,RCL,0.41438358221968924,10.0
2022-07-31,REGN,0.5859394633389563,4.0
2022-07-31,SLB,0.36067708646451996,18.0
2022-07-31,STZ,0.7908556892706614,2.0
2022-07-31,T,0.251113113891575,49.0
2022-07-31,TMO,0.194624393546635,72.0
2022-07-31,TSLA,0.19829916976998968,68.0
2022-07-31,TSN,0.414909725283263,9.0
2022-07-31,V,0.18797567164799148,75.0
2022-07-31,XOM,0.300746734716996,33.0
2022-08-31,A,0.3170244554200814,27.0
2022-08-31,AAL,0.3037639900373535,30.0
2022-08-31,AAPL,0.19577354387924567,64.0
2022-08-31,ABBV,0.139773025790195,81.0
2022-08-31,ABT,0.6833236306033283,5.0
2022-08-31,AEP,0.3859070130889231,15.0
2022-08-31,AES,0.3771682130715665,18.0
2022-08-31,AMD,0.24299683115832887,43.0
2022-08-31,AMZN,0.5091207853958379,8.0
2022-08-31,ATVI,0.22810044321264727,46.0
2022-08-31,AVGO,0.2179181641112555,51.0
2022-08-31,BA,0.21279570119087615,56.0
2022-08-31,BIIB,0.3320929116123906,23.0
2022-08-31,BKR,0.3222172587522076,25.0
2022-08-31,BMY,0.20046746430102713,61.0
2022-08-31,C,0.31206654508495313,28.0
2022-08-31,CCL,0.2221783866152312,48.0
2022-08-31,CMG,0.14839395678384845,79.0
2022-08-31,CRM,0.2528947752069512,42.0
2022-08-31,CVX,0.1891332583403375,66.0
2022-08-31,D,0.48495613593042597,9.0
2022-08-31,DAL,0.35870562210463536,20.0
2022-08-31,DD,0.31927786452580836,26.0
2022-08-31,DG,0.3733844532892601,19.0
2022-08-31,DIS,0.685044317583235,4.0
2022-08-31,DLTR,0.25410410230259345,41.0
2022-08-31,DVN,0.21731659084425162,53.0
2022-08-31,EA,0.22574997515978087,47.0
2022-08-31,EBAY,0.2879283966447496,32.0
2022-08-31,EL,0.2685143174773792,38.0
2022-08-31,ENPH,0.14276323894211895,80.0
2022-08-31,ES,0.15280925088116698,78.0
2022-08-31,F,0.1887727641301662,67.0
2022-08-31,FCX,0.2897131230250857,31.0
2022-08-31,GILD,0.2795690020106849,34.0
2022-08-31,GOOG,0.2001341917787844,62.0
2022-08-31,GOOGL,0.1724725878001785,73.0
2022-08-31,GS,0.3098360929218253,29.0
2022-08-31,HBAN,0.37846889952153107,17.0
2022-08-31,HON,0.20659845509589958,57.0
2022-08-31,ILMN,0.22882019702704998,45.0
2022-08-31,INTC,0.17595185031828653,71.0
2022-08-31,J,0.44943915315902877,11.0
2022-08-31,JNJ,0.2314296918015602,44.0
2022-08-31,JPM,0.20629530319830228,58.0
2022-08-31,K,0.27879886444078034,36.0
2022-08-31,KEY,0.46521242070893726,10.0
2022-08-31,KO,0.1734446259339496,72.0
2022-08-31,L,2.147676889187158,1.0
2022-08-31,LMT,0.43591246067088424,13.0
2022-08-31,MA,0.16716837524302794,74.0
2022-08-31,MDT,0.333465751154572,22.0
2022-08-31,META,0.9052659971667548,2.0
2022-08-31,MNST,0.15756264997473834,76.0
2022-08-31,MO,0.18156594417372998,69.0
2022-08-31,MPC,0.44338589211625673,12.0
2022-08-31,MRNA,0.6939871281814336,3.0
2022-08-31,MRO,0.26816411895251935,39.0
2022-08-31,MSFT,0.21768524225240268,52.0
2022-08-31,MU,0.200910587759309,60.0
2022-08-31,NCLH,0.3244147582393037,24.0
2022-08-31,NFLX,0.5965853094061048,7.0
2022-08-31,NKE,0.18676434365333955,68.0
2022-08-31,NUE,0.20434954781386888,59.0
2022-08-31,NVDA,0.25619933761125685,40.0
2022-08-31,OXY,0.19425780192820194,65.0
2022-08-31,PEP,0.1539297426632774,77.0
2022-08-31,PFE,0.27909537473183227,35.0
2022-08-31,PG,0.1815595955813016,70.0
2022-08-31,PM,0.3453346631625696,21.0
2022-08-31,PYPL,0.6615328157128008,6.0
2022-08-31,RCL,0.28216016072948763,33.0
2022-08-31,REGN,0.40092528401036426,14.0
2022-08-31,SLB,0.22090825439143008,49.0
2022-08-31,STZ,0.2691581849614964,37.0
2022-08-31,T,0.21798775293648714,50.0
2022-08-31,TMO,0.2168205158947158,54.0
2022-08-31,TSLA,0.21537534769377523,55.0
2022-08-31,TSN,0.38171404779326606,16.0
2022-08-31,V,0.1642029590404948,75.0
2022-08-31,XOM,0.19825707921546934,63.0
2022-09-30,A,0.37893030328252436,9.0
2022-09-30,AAL,0.3100107839817601,22.0
2022-09-30,AAPL,0.20214469323060405,63.0
2022-09-30,ABBV,0.15900720533210116,79.0
2022-09-30,ABT,0.33473045354307696,18.0
2022-09-30,AEP,0.24133350863369823,42.0
2022-09-30,AES,0.4294467750273323,6.0
2022-09-30,ALB,0.21088905397200425,59.0
2022-09-30,AMD,0.28523174890114333,27.0
2022-09-30,AMZN,0.23141659684252677,48.0
2022-09-30,ATVI,0.21996378581426831,52.0
2022-09-30,AVGO,0.1877536335798165,69.0
2022-09-30,BA,0.21786729017140546,55.0
2022-09-30,BIIB,0.34018044868139835,15.0
2022-09-30,BKR,0.327612108729343,20.0
2022-09-30,BMY,0.25828272076856784,37.0
2022-09-30,C,0.23668939867900413,43.0
2022-09-30,CCL,0.3274576557015935,21.0
2022-09-30,CMG,0.20201266640489418,64.0
2022-09-30,CRM,0.27026872032847027,31.0
2022-09-30,CVX,0.19447816207611018,68.0
2022-09-30,D,0.36998964803551726,11.0
2022-09-30,DAL,0.3468203486057726,13.0
2022-09-30,DD,0.3779185915335068,10.0
2022-09-30,DG,0.3664018541562975,12.0
2022-09-30,DIS,0.26620780415881606,33.0
2022-09-30,DLTR,0.21867968507628824,54.0
2022-09-30,DVN,0.17413342227739187,74.0
2022-09-30,EA,0.23417276481538973,45.0
2022-09-30,EBAY,0.33140181106102795,19.0
2022-09-30,EL,0.2261895518887052,50.0
2022-09-30,ENPH,0.155276552975038,81.0
2022-09-30,ES,0.2938844436980189,26.0
2022-09-30,F,0.21012862168668078,60.0
2022-09-30,FCX,0.4108764623251407,7.0
2022-09-30,GILD,0.26114563295228366,35.0
2022-09-30,GOOG,0.23366606339479798,46.0
2022-09-30,GOOGL,0.1582745299618489,80.0
2022-09-30,GS,0.21258112322760547,58.0
2022-09-30,HON,0.26955401960062736,32.0
2022-09-30,ILMN,0.3414589608178953,14.0
2022-09-30,INTC,0.18519525814555857,71.0
2022-09-30,J,0.9385342492924276,2.0
2022-09-30,JNJ,0.2153750313975248,57.0
2022-09-30,JPM,0.2011640190434651,65.0
2022-09-30,K,0.29908181744352785,24.0
2022-09-30,KEY,3.693870836529447,1.0
2022-09-30,KO,0.17520824448521496,73.0
2022-09-30,L,0.5454090440376065,4.0
2022-09-30,LMT,0.2294767161981053,49.0
2022-09-30,MA,0.22427781637548383,51.0
2022-09-30,MDT,0.1973239421619012,66.0
2022-09-30,META,0.6049156442447324,3.0
2022-09-30,MNST,0.231938239987621,47.0
2022-09-30,MO,0.24165212738597674,41.0
2022-09-30,MPC,0.2972147780205012,25.0
2022-09-30,MRNA,0.26411390547853814,34.0
2022-09-30,MRO,0.2605031685215298,36.0
2022-09-30,MSFT,0.1841871820669943,72.0
2022-09-30,MU,0.4651855539895695,5.0
2022-09-30,NCLH,0.4072200716140512,8.0
2022-09-30,NFLX,0.20658527087722967,62.0
2022-09-30,NKE,0.2172091621317815,56.0
2022-09-30,NUE,0.24510428078617302,39.0
2022-09-30,NVDA,0.2196568792624447,53.0
2022-09-30,OXY,0.1640692778040886,78.0
2022-09-30,PEP,0.168670985976746,75.0
2022-09-30,PFE,0.234585725526225,44.0
2022-09-30,PG,0.16502937761908446,77.0
2022-09-30,PM,0.24407258543295002,40.0
2022-09-30,PYPL,0.27589793713296695,29.0
2022-09-30,RCL,0.30593620833710133,23.0
2022-09-30,REGN,0.3375511464465367,17.0
2022-09-30,SLB,0.2819757006867993,28.0
2022-09-30,STZ,0.3399714247361887,16.0
2022-09-30,T,0.24810734153453665,38.0
2022-09-30,TMO,0.2729884687890625,30.0
2022-09-30,TSLA,0.16686368284260353,76.0
2022-09-30,TSN,0.20909145282414163,61.0
2022-09-30,V,0.18724398190283278,70.0
2022-09-30,XOM,0.1967469945676087,67.0
2022-10-31,A,0.4336245090190396,5.0
2022-10-31,AAL,0.34132028926361546,20.0
2022-10-31,AAPL,0.1988265085139733,71.0
2022-10-31,ABBV,0.1783925775372057,77.0
2022-10-31,ABT,0.2835279726811841,32.0
2022-10-31,AEP,0.35116101696487884,17.0
2022-10-31,AES,0.37919214140144375,11.0
2022-10-31,ALB,0.25001195323315545,47.0
2022-10-31,AMD,0.22891186289608303,55.0
2022-10-31,AMZN,0.24310102382225415,48.0
2022-10-31,ATVI,0.18444896418483178,76.0
2022-10-31,AVGO,0.17512790571651346,78.0
2022-10-31,BA,0.2570287685607656,44.0
2022-10-31,BIIB,0.31700656298088825,24.0
2022-10-31,BKR,0.339999441978692,22.0
2022-10-31,BMY,0.3173600339740858,23.0
2022-10-31,C,0.367725056483401,14.0
2022-10-31,CCL,0.2787582246123346,36.0
2022-10-31,CMG,0.3045702468923789,27.0
2022-10-31,CRM,0.2645708501339712,43.0
2022-10-31,CVX,0.3404915004851046,21.0
2022-10-31,D,0.3712721905315572,13.0
2022-10-31,DAL,0.35250057578191263,16.0
2022-10-31,DD,0.6157298491613252,2.0
2022-10-31,DG,0.2564312296395102,45.0
2022-10-31,DIS,0.18933425555661207,74.0
2022-10-31,DLTR,0.19182955140691932,73.0
2022-10-31,DVN,0.22997222551840316,54.0
2022-10-31,EA,0.23968299237898935,49.0
2022-10-31,EBAY,0.2836490617323148,31.0
2022-10-31,EL,0.30961079424394217,26.0
2022-10-31,ENPH,0.2305330189283699,53.0
2022-10-31,ES,0.18804297775956427,75.0
2022-10-31,F,0.41266033986445344,8.0
2022-10-31,FCX,0.533420368625966,3.0
2022-10-31,GILD,0.30361387210349805,29.0
2022-10-31,GOOG,0.28155834593353096,35.0
2022-10-31,GOOGL,0.19188261448597418,72.0
2022-10-31,GS,0.2511220278805715,46.0
2022-10-31,HON,0.3103787188312725,25.0
2022-10-31,ILMN,0.4282068904378333,6.0
2022-10-31,INTC,0.2327988756667144,52.0
2022-10-31,J,0.6363636363636364,1.0
2022-10-31,JNJ,0.21357752635218485,61.0
2022-10-31,JPM,0.2007377509481486,68.0
2022-10-31,K,0.1701011874420828,80.0
2022-10-31,KEY,0.27213947680617045,39.0
2022-10-31,KO,0.21315754374530754,62.0
2022-10-31,L,0.3547760260071365,15.0
2022-10-31,LMT,0.22395043447692173,57.0
2022-10-31,MA,0.23693326713315002,50.0
2022-10-31,MDT,0.3414122797906103,19.0
2022-10-31,META,0.44185557037289314,4.0
2022-10-31,MNST,0.39847782094968875,9.0
2022-10-31,MO,0.20198715197505404,66.0
2022-10-31,MPC,0.27491041711373915,37.0
2022-10-31,MRNA,0.38810725596820456,10.0
2022-10-31,MRO,0.30402300417139166,28.0
2022-10-31,MSFT,0.2187332005891721,59.0
2022-10-31,MU,0.21719715581795665,60.0
2022-10-31,NCLH,0.2921065084542712,30.0
2022-10-31,NFLX,0.2728511142716897,38.0
2022-10-31,NKE,0.17273960324572663,79.0
2022-10-31,NUE,0.344387725502429,18.0
2022-10-31,NVDA,0.20768827311902868,65.0
2022-10-31,OXY,0.21170542797929903,63.0
2022-10-31,PEP,0.2085588981811675,64.0
2022-10-31,PFE,0.28276377378564466,33.0
2022-10-31,PG,0.19923439615880617,70.0
2022-10-31,PM,0.19939712569383317,69.0
2022-10-31,PYPL,0.2194047289111268,58.0
2022-10-31,RCL,0.2690364019034154,41.0
2022-10-31,REGN,0.3725850657964812,12.0
2022-10-31,SLB,0.26938345451260204,40.0
2022-10-31,STZ,0.4160142283652252,7.0
2022-10-31,T,0.26730046352611225,42.0
2022-10-31,TMO,0.2824495893661507,34.0
2022-10-31,TSLA,0.16950830359175326,81.0
2022-10-31,TSN,0.22754576825617714,56.0
2022-10-31,V,0.20191276606754358,67.0
2022-10-31,XOM,0.23462369623423046,51.0
2022-11-30,A,0.37061603052352443,10.0
2022-11-30,AAL,0.3599447991220908,11.0
2022-11-30,AAPL,0.1894856602779001,72.0
2022-11-30,ABBV,0.17668083562180198,76.0
2022-11-30,ABT,0.3118177446059459,19.0
2022-11-30,AEP,0.4984496613147007,4.0
2022-11-30,AES,0.7904397990439752,2.0
2022-11-30,ALB,0.19824717684561188,63.0
2022-11-30,AMD,0.21621687621714933,56.0
2022-11-30,AMZN,0.237491161295926,46.0
2022-11-30,ATVI,0.23976592106455938,43.0
2022-11-30,AVGO,0.21847490493477456,53.0
2022-11-30,BA,0.2520167891093375,37.0
2022-11-30,BIIB,0.33894735416472965,14.0
2022-11-30,BKR,0.3009304131990361,22.0
2022-11-30,BMY,0.2570409044164974,34.0
2022-11-30,C,0.30900262134918594,20.0
2022-11-30,CCL,0.29562808312101224,26.0
2022-11-30,CMG,0.2241091081553024,50.0
2022-11-30,CRM,0.24330811473513989,40.0
2022-11-30,CVX,0.22416248791488413,49.0
2022-11-30,D,0.24761401911487416,39.0
2022-11-30,DAL,0.43192514869459897,7.0
2022-11-30,DD,0.46345383192779743,5.0
2022-11-30,DG,0.29071753613032536,27.0
2022-11-30,DIS,0.22929192654881345,47.0
2022-11-30,DLTR,0.29723370321344883,23.0
2022-11-30,DVN,0.2542019822896593,35.0
2022-11-30,EA,0.3054064687299181,21.0
2022-11-30,EBAY,0.31319992156908005,18.0
2022-11-30,EL,0.21702613284871616,55.0
2022-11-30,ENPH,0.16783115160691228,79.0
2022-11-30,ES,0.12395311773956923,81.0
2022-11-30,F,0.3984292711754307,8.0
2022-11-30,FCX,0.2752286810963386,29.0
2022-11-30,GILD,0.250099031341688,38.0
2022-11-30,GOOG,0.18190266756036638,75.0
2022-11-30,GOOGL,0.18207215489727294,74.0
2022-11-30,GS,0.2539985162129214,36.0
2022-11-30,HON,0.32998945537967195,17.0
2022-11-30,ILMN,0.33841306142773686,15.0
2022-11-30,INTC,0.2223498573392484,51.0
2022-11-30,J,1.1402197145399044,1.0
2022-11-30,JNJ,0.1747976811110716,77.0
2022-11-30,JPM,0.20474247625013411,61.0
2022-11-30,K,0.26834587025254,31.0
2022-11-30,KEY,0.39838644331676226,9.0
2022-11-30,KO,0.19577094163263714,66.0
2022-11-30,L,0.20976953324780517,59.0
2022-11-30,LMT,0.1980496364784473,64.0
2022-11-30,MA,0.19739851788975213,65.0
2022-11-30,MDT,0.2963377965221739,25.0
2022-11-30,META,0.1987998288314695,62.0
2022-11-30,MNST,0.23839922104217154,44.0
2022-11-30,MO,0.21914087744044716,52.0
2022-11-30,MPC,0.336612186161799,16.0
2022-11-30,MRNA,0.24210475033662265,42.0
2022-11-30,MRO,0.34105940154150494,13.0
2022-11-30,MSFT,0.19510564677347234,67.0
2022-11-30,MU,0.16572721226264264,80.0
2022-11-30,NCLH,0.3547009173748727,12.0
2022-11-30,NFLX,0.2580823322236351,33.0
2022-11-30,NKE,0.1940879676970909,69.0
2022-11-30,NUE,0.27438619127652,30.0
2022-11-30,NVDA,0.21337999388686762,58.0
2022-11-30,OXY,0.26719768430653384,32.0
2022-11-30,PEP,0.17451062166167203,78.0
2022-11-30,PFE,0.21799819441803656,54.0
2022-11-30,PG,0.21484808646782316,57.0
2022-11-30,PM,0.2269878995063471,48.0
2022-11-30,PYPL,0.2424033389329107,41.0
2022-11-30,RCL,0.44396168185110674,6.0
2022-11-30,REGN,0.28558233021542767,28.0
2022-11-30,SLB,0.2377623336062829,45.0
2022-11-30,STZ,0.5307309796546709,3.0
2022-11-30,T,0.1928666841075723,70.0
2022-11-30,TMO,0.18434877920048065,73.0
2022-11-30,TSLA,0.20770036968070132,60.0
2022-11-30,TSN,0.2972031800518055,24.0
2022-11-30,V,0.1911724844420001,71.0
2022-11-30,XOM,0.19411410364954618,68.0
2022-12-31,A,0.5881928308751357,3.0
2022-12-31,AAL,0.3072156343245423,27.0
2022-12-31,AAPL,0.17571804593352974,78.0
2022-12-31,ABBV,0.1839806169181459,75.0
2022-12-31,ABT,0.32395540651621174,25.0
2022-12-31,AEP,0.40548504714188677,15.0
2022-12-31,AES,0.9119056568408245,2.0
2022-12-31,ALB,0.2759217702913131,33.0
2022-12-31,AMD,0.249765913658203,42.0
2022-12-31,AMZN,0.18563787825729938,73.0
2022-12-31,ATVI,0.19360647959874908,70.0
2022-12-31,AVGO,0.217972147619318,56.0
2022-12-31,BA,0.33862230205905314,23.0
2022-12-31,BIIB,0.40597784999563813,14.0
2022-12-31,BKR,0.24725580700460417,44.0
2022-12-31,BMY,0.24135404799294616,46.0
2022-12-31,C,0.45922811675881353,8.0
2022-12-31,CCL,0.36285455305756703,22.0
2022-12-31,CMG,0.21109605234327683,60.0
2022-12-31,CRM,0.22325045326731138,53.0
2022-12-31,CVX,0.2449620866393592,45.0
2022-12-31,D,0.2742597623178936,34.0
2022-12-31,DAL,0.5387906940655123,5.0
2022-12-31,DD,0.44584805505864933,10.0
2022-12-31,DG,0.4173410168411423,13.0
2022-12-31,DIS,0.23581086782089702,50.0
2022-12-31,DLTR,0.26496745619524187,40.0
2022-12-31,DVN,0.2961509239609204,29.0
2022-12-31,EA,0.2822322926730563,32.0
2022-12-31,EBAY,0.47565472041245216,7.0
2022-12-31,EL,0.21168982657203722,59.0
2022-12-31,ENPH,0.1719010485669054,79.0
2022-12-31,ES,0.13397162755156108,81.0
2022-12-31,F,0.45178524921724444,9.0
2022-12-31,FCX,0.47942632319099754,6.0
2022-12-31,GILD,0.28716232153088117,31.0
2022-12-31,GOOG,0.18203832717735094,76.0
2022-12-31,GOOGL,0.19642405518215691,68.0
2022-12-31,GS,0.23973077085127123,49.0
2022-12-31,HON,0.27192819203845214,35.0
2022-12-31,ILMN,0.37109861335589356,21.0
2022-12-31,INTC,0.24040603377719805,47.0
2022-12-31,J,1.6741580662683324,1.0
2022-12-31,JNJ,0.18433149238374355,74.0
2022-12-31,JPM,0.21878407102856925,54.0
2022-12-31,K,0.3354421896232274,24.0
2022-12-31,KEY,0.5696548031736454,4.0
2022-12-31,KO,0.19036575731781707,72.0
2022-12-31,L,0.2259534105117129,52.0
2022-12-31,LMT,0.2595702471089629,41.0
2022-12-31,MA,0.19858531654480419,67.0
2022-12-31,MDT,0.4351181951171498,12.0
2022-12-31,META,0.21015916092226988,62.0
2022-12-31,MNST,0.2664716885446798,38.0
2022-12-31,MO,0.21294092509028426,58.0
2022-12-31,MPC,0.2696566912914817,37.0
2022-12-31,MRNA,0.30580476642842713,28.0
2022-12-31,MRO,0.39455475853539546,18.0
2022-12-31,MSFT,0.20648415061431238,65.0
2022-12-31,MU,0.3863018291280122,20.0
2022-12-31,NCLH,0.4045094878250748,16.0
2022-12-31,NFLX,0.19282465306473195,71.0
2022-12-31,NKE,0.24729306141291305,43.0
2022-12-31,NUE,0.3112496805312211,26.0
2022-12-31,NVDA,0.2096514469523097,63.0
2022-12-31,OXY,0.21845650733052283,55.0
2022-12-31,PEP,0.18080365331567239,77.0
2022-12-31,PFE,0.2354405338764004,51.0
2022-12-31,PG,0.24008784623590615,48.0
2022-12-31,PM,0.2698844054770083,36.0
2022-12-31,PYPL,0.20963580859417635,64.0
2022-12-31,RCL,0.38961079987701674,19.0
2022-12-31,REGN,0.2954505121069144,30.0
2022-12-31,SLB,0.21416768893260257,57.0
2022-12-31,STZ,0.44043124473213024,11.0
2022-12-31,T,0.3992504156759178,17.0
2022-12-31,TMO,0.20206788553418142,66.0
2022-12-31,TSLA,0.1527654619413384,80.0
2022-12-31,TSN,0.26533152250756753,39.0
2022-12-31,V,0.19516350102805433,69.0
2022-12-31,XOM,0.21065126050652397,61.0
2023-01-31,A,0.47157190635451507,5.0
2023-01-31,AAL,0.3875082745148002,11.0
2023-01-31,AAPL,0.18777435241102686,61.0
2023-01-31,ABBV,0.28524099591926416,28.0
2023-01-31,ABT,0.2199777809941036,52.0
2023-01-31,AES,0.5338090665430697,4.0
2023-01-31,ALB,0.22697692685793588,48.0
2023-01-31,AMD,0.297793923885531,26.0
2023-01-31,AMZN,0.20244836093702778,58.0
2023-01-31,ATVI,0.26366320029278983,34.0
2023-01-31,AVGO,0.21365764926126038,56.0
2023-01-31,BA,0.23810679531281242,43.0
2023-01-31,BIIB,0.8393034064492739,1.0
2023-01-31,BKR,0.24641161149837054,38.0
2023-01-31,BMY,0.22258654775697415,50.0
2023-01-31,C,0.3768845950974274,13.0
2023-01-31,CCL,0.3821893199181529,12.0
2023-01-31,CMG,0.18637920437091796,62.0
2023-01-31,CRM,0.28460804041539706,29.0
2023-01-31,CVX,0.24369714877201315,41.0
2023-01-31,D,0.1751707718909368,66.0
2023-01-31,DAL,0.41594253115992247,8.0
2023-01-31,DD,0.40875912408759124,9.0
2023-01-31,DG,0.2255989305356077,49.0
2023-01-31,DIS,0.2289102904464984,46.0
2023-01-31,DLTR,0.26147309964717425,35.0
2023-01-31,DVN,0.17709397001807714,65.0
2023-01-31,EA,0.1536931341422252,71.0
2023-01-31,EBAY,0.13903743315508021,73.0
2023-01-31,EL,0.07985782820324264,79.0
2023-01-31,ENPH,0.13045940131639497,75.0
2023-01-31,ES,0.1299506471217068,76.0
2023-01-31,F,0.161336794677028,68.0
2023-01-31,FCX,0.6673869126043038,3.0
2023-01-31,GILD,0.4658737952467112,6.0
2023-01-31,GOOG,0.24608010894996238,40.0
2023-01-31,GOOGL,0.19750193111288494,59.0
2023-01-31,GS,0.2411934773759149,42.0
2023-01-31,HON,0.22735784311636065,47.0
2023-01-31,ILMN,0.11541017122412471,77.0
2023-01-31,INTC,0.2668176034794928,33.0
2023-01-31,JNJ,0.20275512407056484,57.0
2023-01-31,JPM,0.23650025616029266,44.0
2023-01-31,K,0.18358757644471932,63.0
2023-01-31,KEY,0.3930341379389506,10.0
2023-01-31,KO,0.15911660738307837,69.0
2023-01-31,L,0.3726379182603068,14.0
2023-01-31,LMT,0.3600941787204934,17.0
2023-01-31,MA,0.17317472215923146,67.0
2023-01-31,MDT,0.8068414513836772,2.0
2023-01-31,META,0.30734356580936867,24.0
2023-01-31,MNST,0.24626641981839018,39.0
2023-01-31,MO,0.13635831913712138,74.0
2023-01-31,MPC,0.32403376849788523,22.0
2023-01-31,MRNA,0.32686844475499544,21.0
2023-01-31,MRO,0.30122409236333286,25.0
2023-01-31,MSFT,0.21602934021386702,55.0
2023-01-31,MU,0.2803963388144456,31.0
2023-01-31,NCLH,0.4455425930141066,7.0
2023-01-31,NFLX,0.2602377608952615,36.0
2023-01-31,NKE,0.15522994977141288,70.0
2023-01-31,NUE,0.2715677583089974,32.0
2023-01-31,NVDA,0.22239466863967908,51.0
2023-01-31,OXY,0.32367440055912117,23.0
2023-01-31,PEP,0.17842972714163202,64.0
2023-01-31,PFE,0.2302600554593679,45.0
2023-01-31,PG,0.34962990600228416,18.0
2023-01-31,PM,0.21616296555422684,54.0
2023-01-31,PYPL,0.29272560703675277,27.0
2023-01-31,RCL,0.3704416958352335,15.0
2023-01-31,REGN,0.25610902255639095,37.0
2023-01-31,SLB,0.11344498755078225,78.0
2023-01-31,STZ,0.36705951292307537,16.0
2023-01-31,T,0.327036203754037,20.0
2023-01-31,TMO,0.33331315093077435,19.0
2023-01-31,TSLA,0.15199155832972763,72.0
2023-01-31,TSN,0.2805529315748162,30.0
2023-01-31,V,0.19404505717413983,60.0
2023-01-31,XOM,0.2179040527706666,53.0
